shadow_sigma_db,n_sus,seed,distance,attacker_rejection_rate,pu_false_rejection_rate,threshold
4.0,10,0,1.0,0.0175,0.010000000000000009,11.149506864226419
4.0,10,0,2.0,0.03,0.010000000000000009,11.149506864226419
4.0,10,0,3.0,0.035,0.010000000000000009,11.149506864226419
4.0,10,0,5.0,0.0575,0.010000000000000009,11.149506864226419
4.0,10,0,7.5,0.20375,0.010000000000000009,11.149506864226419
4.0,10,0,10.0,0.38875,0.010000000000000009,11.149506864226419
4.0,10,0,15.0,0.42375,0.010000000000000009,11.149506864226419
4.0,10,0,20.0,0.505,0.010000000000000009,11.149506864226419
4.0,10,0,30.0,0.9225,0.010000000000000009,11.149506864226419
4.0,10,1,1.0,0.025,0.030000000000000027,11.489393612586433
4.0,10,1,2.0,0.02875,0.030000000000000027,11.489393612586433
4.0,10,1,3.0,0.0625,0.030000000000000027,11.489393612586433
4.0,10,1,5.0,0.28875,0.030000000000000027,11.489393612586433
4.0,10,1,7.5,0.15125,0.030000000000000027,11.489393612586433
4.0,10,1,10.0,0.22875,0.030000000000000027,11.489393612586433
4.0,10,1,15.0,0.66875,0.030000000000000027,11.489393612586433
4.0,10,1,20.0,0.90125,0.030000000000000027,11.489393612586433
4.0,10,1,30.0,0.995,0.030000000000000027,11.489393612586433
4.0,10,2,1.0,0.00875,0.0,14.331379993461956
4.0,10,2,2.0,0.00875,0.0,14.331379993461956
4.0,10,2,3.0,0.005,0.0,14.331379993461956
4.0,10,2,5.0,0.03,0.0,14.331379993461956
4.0,10,2,7.5,0.02375,0.0,14.331379993461956
4.0,10,2,10.0,0.045,0.0,14.331379993461956
4.0,10,2,15.0,0.3875,0.0,14.331379993461956
4.0,10,2,20.0,0.6225,0.0,14.331379993461956
4.0,10,2,30.0,0.76625,0.0,14.331379993461956
4.0,10,3,1.0,0.01125,0.0,11.671764955963502
4.0,10,3,2.0,0.0175,0.0,11.671764955963502
4.0,10,3,3.0,0.015,0.0,11.671764955963502
4.0,10,3,5.0,0.01625,0.0,11.671764955963502
4.0,10,3,7.5,0.0225,0.0,11.671764955963502
4.0,10,3,10.0,0.03,0.0,11.671764955963502
4.0,10,3,15.0,0.0525,0.0,11.671764955963502
4.0,10,3,20.0,0.105,0.0,11.671764955963502
4.0,10,3,30.0,0.39625,0.0,11.671764955963502
4.0,10,4,1.0,0.005,0.010000000000000009,13.003446195980612
4.0,10,4,2.0,0.00875,0.010000000000000009,13.003446195980612
4.0,10,4,3.0,0.01,0.010000000000000009,13.003446195980612
4.0,10,4,5.0,0.0325,0.010000000000000009,13.003446195980612
4.0,10,4,7.5,0.04625,0.010000000000000009,13.003446195980612
4.0,10,4,10.0,0.125,0.010000000000000009,13.003446195980612
4.0,10,4,15.0,0.1425,0.010000000000000009,13.003446195980612
4.0,10,4,20.0,0.30875,0.010000000000000009,13.003446195980612
4.0,10,4,30.0,0.895,0.010000000000000009,13.003446195980612
4.0,20,0,1.0,0.015,0.0,10.15900490693724
4.0,20,0,2.0,0.02875,0.0,10.15900490693724
4.0,20,0,3.0,0.03,0.0,10.15900490693724
4.0,20,0,5.0,0.0825,0.0,10.15900490693724
4.0,20,0,7.5,0.32875,0.0,10.15900490693724
4.0,20,0,10.0,0.50875,0.0,10.15900490693724
4.0,20,0,15.0,0.7675,0.0,10.15900490693724
4.0,20,0,20.0,0.85875,0.0,10.15900490693724
4.0,20,0,30.0,0.99375,0.0,10.15900490693724
4.0,20,1,1.0,0.04125,0.020000000000000018,9.435914843837782
4.0,20,1,2.0,0.0875,0.020000000000000018,9.435914843837782
4.0,20,1,3.0,0.15625,0.020000000000000018,9.435914843837782
4.0,20,1,5.0,0.595,0.020000000000000018,9.435914843837782
4.0,20,1,7.5,0.62625,0.020000000000000018,9.435914843837782
4.0,20,1,10.0,0.7575,0.020000000000000018,9.435914843837782
4.0,20,1,15.0,0.9775,0.020000000000000018,9.435914843837782
4.0,20,1,20.0,1.0,0.020000000000000018,9.435914843837782
4.0,20,1,30.0,1.0,0.020000000000000018,9.435914843837782
4.0,20,2,1.0,0.0075,0.0,10.618320901204505
4.0,20,2,2.0,0.02375,0.0,10.618320901204505
4.0,20,2,3.0,0.04125,0.0,10.618320901204505
4.0,20,2,5.0,0.11375,0.0,10.618320901204505
4.0,20,2,7.5,0.36875,0.0,10.618320901204505
4.0,20,2,10.0,0.48875,0.0,10.618320901204505
4.0,20,2,15.0,0.70375,0.0,10.618320901204505
4.0,20,2,20.0,0.98875,0.0,10.618320901204505
4.0,20,2,30.0,1.0,0.0,10.618320901204505
4.0,20,3,1.0,0.00875,0.020000000000000018,11.290510877421111
4.0,20,3,2.0,0.03375,0.020000000000000018,11.290510877421111
4.0,20,3,3.0,0.0375,0.020000000000000018,11.290510877421111
4.0,20,3,5.0,0.305,0.020000000000000018,11.290510877421111
4.0,20,3,7.5,0.4525,0.020000000000000018,11.290510877421111
4.0,20,3,10.0,0.59375,0.020000000000000018,11.290510877421111
4.0,20,3,15.0,0.60375,0.020000000000000018,11.290510877421111
4.0,20,3,20.0,0.975,0.020000000000000018,11.290510877421111
4.0,20,3,30.0,1.0,0.020000000000000018,11.290510877421111
4.0,20,4,1.0,0.02,0.010000000000000009,11.017031819524165
4.0,20,4,2.0,0.01625,0.010000000000000009,11.017031819524165
4.0,20,4,3.0,0.035,0.010000000000000009,11.017031819524165
4.0,20,4,5.0,0.0725,0.010000000000000009,11.017031819524165
4.0,20,4,7.5,0.22375,0.010000000000000009,11.017031819524165
4.0,20,4,10.0,0.595,0.010000000000000009,11.017031819524165
4.0,20,4,15.0,0.5725,0.010000000000000009,11.017031819524165
4.0,20,4,20.0,0.82875,0.010000000000000009,11.017031819524165
4.0,20,4,30.0,1.0,0.010000000000000009,11.017031819524165
4.0,40,0,1.0,0.015,0.010000000000000009,10.569650364322083
4.0,40,0,2.0,0.03625,0.010000000000000009,10.569650364322083
4.0,40,0,3.0,0.0975,0.010000000000000009,10.569650364322083
4.0,40,0,5.0,0.51375,0.010000000000000009,10.569650364322083
4.0,40,0,7.5,0.595,0.010000000000000009,10.569650364322083
4.0,40,0,10.0,0.94125,0.010000000000000009,10.569650364322083
4.0,40,0,15.0,0.99125,0.010000000000000009,10.569650364322083
4.0,40,0,20.0,0.97,0.010000000000000009,10.569650364322083
4.0,40,0,30.0,1.0,0.010000000000000009,10.569650364322083
4.0,40,1,1.0,0.02125,0.0,9.87944201639056
4.0,40,1,2.0,0.08625,0.0,9.87944201639056
4.0,40,1,3.0,0.16,0.0,9.87944201639056
4.0,40,1,5.0,0.7,0.0,9.87944201639056
4.0,40,1,7.5,0.745,0.0,9.87944201639056
4.0,40,1,10.0,0.875,0.0,9.87944201639056
4.0,40,1,15.0,0.99875,0.0,9.87944201639056
4.0,40,1,20.0,1.0,0.0,9.87944201639056
4.0,40,1,30.0,1.0,0.0,9.87944201639056
4.0,40,2,1.0,0.03125,0.030000000000000027,8.48083395482828
4.0,40,2,2.0,0.0725,0.030000000000000027,8.48083395482828
4.0,40,2,3.0,0.18625,0.030000000000000027,8.48083395482828
4.0,40,2,5.0,0.5625,0.030000000000000027,8.48083395482828
4.0,40,2,7.5,0.9175,0.030000000000000027,8.48083395482828
4.0,40,2,10.0,0.94875,0.030000000000000027,8.48083395482828
4.0,40,2,15.0,0.99875,0.030000000000000027,8.48083395482828
4.0,40,2,20.0,1.0,0.030000000000000027,8.48083395482828
4.0,40,2,30.0,1.0,0.030000000000000027,8.48083395482828
4.0,40,3,1.0,0.00875,0.030000000000000027,11.01391716451516
4.0,40,3,2.0,0.04,0.030000000000000027,11.01391716451516
4.0,40,3,3.0,0.08625,0.030000000000000027,11.01391716451516
4.0,40,3,5.0,0.4875,0.030000000000000027,11.01391716451516
4.0,40,3,7.5,0.78625,0.030000000000000027,11.01391716451516
4.0,40,3,10.0,0.88,0.030000000000000027,11.01391716451516
4.0,40,3,15.0,0.88625,0.030000000000000027,11.01391716451516
4.0,40,3,20.0,0.9975,0.030000000000000027,11.01391716451516
4.0,40,3,30.0,1.0,0.030000000000000027,11.01391716451516
4.0,40,4,1.0,0.015,0.0,11.31877322961315
4.0,40,4,2.0,0.0175,0.0,11.31877322961315
4.0,40,4,3.0,0.02625,0.0,11.31877322961315
4.0,40,4,5.0,0.12125,0.0,11.31877322961315
4.0,40,4,7.5,0.4675,0.0,11.31877322961315
4.0,40,4,10.0,0.76125,0.0,11.31877322961315
4.0,40,4,15.0,0.925,0.0,11.31877322961315
4.0,40,4,20.0,0.98,0.0,11.31877322961315
4.0,40,4,30.0,1.0,0.0,11.31877322961315
6.0,10,0,1.0,0.02,0.010000000000000009,10.670106400810202
6.0,10,0,2.0,0.02375,0.010000000000000009,10.670106400810202
6.0,10,0,3.0,0.02625,0.010000000000000009,10.670106400810202
6.0,10,0,5.0,0.035,0.010000000000000009,10.670106400810202
6.0,10,0,7.5,0.0975,0.010000000000000009,10.670106400810202
6.0,10,0,10.0,0.26875,0.010000000000000009,10.670106400810202
6.0,10,0,15.0,0.23125,0.010000000000000009,10.670106400810202
6.0,10,0,20.0,0.25125,0.010000000000000009,10.670106400810202
6.0,10,0,30.0,0.64375,0.010000000000000009,10.670106400810202
6.0,10,1,1.0,0.02375,0.030000000000000027,10.653376696617435
6.0,10,1,2.0,0.015,0.030000000000000027,10.653376696617435
6.0,10,1,3.0,0.045,0.030000000000000027,10.653376696617435
6.0,10,1,5.0,0.1375,0.030000000000000027,10.653376696617435
6.0,10,1,7.5,0.08125,0.030000000000000027,10.653376696617435
6.0,10,1,10.0,0.10875,0.030000000000000027,10.653376696617435
6.0,10,1,15.0,0.33875,0.030000000000000027,10.653376696617435
6.0,10,1,20.0,0.61125,0.030000000000000027,10.653376696617435
6.0,10,1,30.0,0.87125,0.030000000000000027,10.653376696617435
6.0,10,2,1.0,0.01125,0.0,13.61086318035178
6.0,10,2,2.0,0.00875,0.0,13.61086318035178
6.0,10,2,3.0,0.00625,0.0,13.61086318035178
6.0,10,2,5.0,0.03,0.0,13.61086318035178
6.0,10,2,7.5,0.01125,0.0,13.61086318035178
6.0,10,2,10.0,0.02375,0.0,13.61086318035178
6.0,10,2,15.0,0.185,0.0,13.61086318035178
6.0,10,2,20.0,0.3575,0.0,13.61086318035178
6.0,10,2,30.0,0.5225,0.0,13.61086318035178
6.0,10,3,1.0,0.015,0.010000000000000009,12.19137384613436
6.0,10,3,2.0,0.0125,0.010000000000000009,12.19137384613436
6.0,10,3,3.0,0.01125,0.010000000000000009,12.19137384613436
6.0,10,3,5.0,0.00875,0.010000000000000009,12.19137384613436
6.0,10,3,7.5,0.015,0.010000000000000009,12.19137384613436
6.0,10,3,10.0,0.02,0.010000000000000009,12.19137384613436
6.0,10,3,15.0,0.02375,0.010000000000000009,12.19137384613436
6.0,10,3,20.0,0.0425,0.010000000000000009,12.19137384613436
6.0,10,3,30.0,0.15125,0.010000000000000009,12.19137384613436
6.0,10,4,1.0,0.0025,0.010000000000000009,12.884894375635643
6.0,10,4,2.0,0.00375,0.010000000000000009,12.884894375635643
6.0,10,4,3.0,0.0075,0.010000000000000009,12.884894375635643
6.0,10,4,5.0,0.02,0.010000000000000009,12.884894375635643
6.0,10,4,7.5,0.02375,0.010000000000000009,12.884894375635643
6.0,10,4,10.0,0.0525,0.010000000000000009,12.884894375635643
6.0,10,4,15.0,0.0575,0.010000000000000009,12.884894375635643
6.0,10,4,20.0,0.1175,0.010000000000000009,12.884894375635643
6.0,10,4,30.0,0.53,0.010000000000000009,12.884894375635643
6.0,20,0,1.0,0.02,0.0,9.93403304198051
6.0,20,0,2.0,0.03,0.0,9.93403304198051
6.0,20,0,3.0,0.01875,0.0,9.93403304198051
6.0,20,0,5.0,0.04125,0.0,9.93403304198051
6.0,20,0,7.5,0.155,0.0,9.93403304198051
6.0,20,0,10.0,0.32375,0.0,9.93403304198051
6.0,20,0,15.0,0.5,0.0,9.93403304198051
6.0,20,0,20.0,0.52375,0.0,9.93403304198051
6.0,20,0,30.0,0.9,0.0,9.93403304198051
6.0,20,1,1.0,0.015,0.0,11.649037342377218
6.0,20,1,2.0,0.01625,0.0,11.649037342377218
6.0,20,1,3.0,0.03375,0.0,11.649037342377218
6.0,20,1,5.0,0.2,0.0,11.649037342377218
6.0,20,1,7.5,0.23125,0.0,11.649037342377218
6.0,20,1,10.0,0.24875,0.0,11.649037342377218
6.0,20,1,15.0,0.5975,0.0,11.649037342377218
6.0,20,1,20.0,0.90625,0.0,11.649037342377218
6.0,20,1,30.0,0.995,0.0,11.649037342377218
6.0,20,2,1.0,0.00375,0.0,11.30638451029527
6.0,20,2,2.0,0.0125,0.0,11.30638451029527
6.0,20,2,3.0,0.01125,0.0,11.30638451029527
6.0,20,2,5.0,0.04375,0.0,11.30638451029527
6.0,20,2,7.5,0.12125,0.0,11.30638451029527
6.0,20,2,10.0,0.2175,0.0,11.30638451029527
6.0,20,2,15.0,0.505,0.0,11.30638451029527
6.0,20,2,20.0,0.83125,0.0,11.30638451029527
6.0,20,2,30.0,0.96,0.0,11.30638451029527
6.0,20,3,1.0,0.00625,0.010000000000000009,11.716711285573425
6.0,20,3,2.0,0.0075,0.010000000000000009,11.716711285573425
6.0,20,3,3.0,0.0225,0.010000000000000009,11.716711285573425
6.0,20,3,5.0,0.1175,0.010000000000000009,11.716711285573425
6.0,20,3,7.5,0.2,0.010000000000000009,11.716711285573425
6.0,20,3,10.0,0.25125,0.010000000000000009,11.716711285573425
6.0,20,3,15.0,0.26875,0.010000000000000009,11.716711285573425
6.0,20,3,20.0,0.8175,0.010000000000000009,11.716711285573425
6.0,20,3,30.0,0.9775,0.010000000000000009,11.716711285573425
6.0,20,4,1.0,0.0225,0.010000000000000009,10.152932176061114
6.0,20,4,2.0,0.02125,0.010000000000000009,10.152932176061114
6.0,20,4,3.0,0.02625,0.010000000000000009,10.152932176061114
6.0,20,4,5.0,0.0475,0.010000000000000009,10.152932176061114
6.0,20,4,7.5,0.1,0.010000000000000009,10.152932176061114
6.0,20,4,10.0,0.3275,0.010000000000000009,10.152932176061114
6.0,20,4,15.0,0.285,0.010000000000000009,10.152932176061114
6.0,20,4,20.0,0.51,0.010000000000000009,10.152932176061114
6.0,20,4,30.0,0.975,0.010000000000000009,10.152932176061114
6.0,40,0,1.0,0.00875,0.0,10.920031882970411
6.0,40,0,2.0,0.0175,0.0,10.920031882970411
6.0,40,0,3.0,0.0325,0.0,10.920031882970411
6.0,40,0,5.0,0.225,0.0,10.920031882970411
6.0,40,0,7.5,0.2375,0.0,10.920031882970411
6.0,40,0,10.0,0.75625,0.0,10.920031882970411
6.0,40,0,15.0,0.8275,0.0,10.920031882970411
6.0,40,0,20.0,0.83875,0.0,10.920031882970411
6.0,40,0,30.0,0.995,0.0,10.920031882970411
6.0,40,1,1.0,0.02,0.0,10.726603703408697
6.0,40,1,2.0,0.02875,0.0,10.726603703408697
6.0,40,1,3.0,0.03875,0.0,10.726603703408697
6.0,40,1,5.0,0.31125,0.0,10.726603703408697
6.0,40,1,7.5,0.3875,0.0,10.726603703408697
6.0,40,1,10.0,0.5175,0.0,10.726603703408697
6.0,40,1,15.0,0.9325,0.0,10.726603703408697
6.0,40,1,20.0,0.9925,0.0,10.726603703408697
6.0,40,1,30.0,1.0,0.0,10.726603703408697
6.0,40,2,1.0,0.01375,0.040000000000000036,9.593160438107542
6.0,40,2,2.0,0.03375,0.040000000000000036,9.593160438107542
6.0,40,2,3.0,0.0575,0.040000000000000036,9.593160438107542
6.0,40,2,5.0,0.21125,0.040000000000000036,9.593160438107542
6.0,40,2,7.5,0.52,0.040000000000000036,9.593160438107542
6.0,40,2,10.0,0.68375,0.040000000000000036,9.593160438107542
6.0,40,2,15.0,0.94,0.040000000000000036,9.593160438107542
6.0,40,2,20.0,0.99625,0.040000000000000036,9.593160438107542
6.0,40,2,30.0,1.0,0.040000000000000036,9.593160438107542
6.0,40,3,1.0,0.01375,0.040000000000000036,10.02010804900927
6.0,40,3,2.0,0.03875,0.040000000000000036,10.02010804900927
6.0,40,3,3.0,0.0475,0.040000000000000036,10.02010804900927
6.0,40,3,5.0,0.25125,0.040000000000000036,10.02010804900927
6.0,40,3,7.5,0.46375,0.040000000000000036,10.02010804900927
6.0,40,3,10.0,0.5925,0.040000000000000036,10.02010804900927
6.0,40,3,15.0,0.6875,0.040000000000000036,10.02010804900927
6.0,40,3,20.0,0.9675,0.040000000000000036,10.02010804900927
6.0,40,3,30.0,1.0,0.040000000000000036,10.02010804900927
6.0,40,4,1.0,0.02125,0.0,10.128660458902338
6.0,40,4,2.0,0.02375,0.0,10.128660458902338
6.0,40,4,3.0,0.02125,0.0,10.128660458902338
6.0,40,4,5.0,0.06625,0.0,10.128660458902338
6.0,40,4,7.5,0.19625,0.0,10.128660458902338
6.0,40,4,10.0,0.48,0.0,10.128660458902338
6.0,40,4,15.0,0.71,0.0,10.128660458902338
6.0,40,4,20.0,0.89625,0.0,10.128660458902338
6.0,40,4,30.0,0.9975,0.0,10.128660458902338
8.0,10,0,1.0,0.02,0.0,10.861974709387205
8.0,10,0,2.0,0.0225,0.0,10.861974709387205
8.0,10,0,3.0,0.01625,0.0,10.861974709387205
8.0,10,0,5.0,0.02375,0.0,10.861974709387205
8.0,10,0,7.5,0.05125,0.0,10.861974709387205
8.0,10,0,10.0,0.15,0.0,10.861974709387205
8.0,10,0,15.0,0.12375,0.0,10.861974709387205
8.0,10,0,20.0,0.15125,0.0,10.861974709387205
8.0,10,0,30.0,0.40625,0.0,10.861974709387205
8.0,10,1,1.0,0.0225,0.030000000000000027,10.721046224575286
8.0,10,1,2.0,0.01125,0.030000000000000027,10.721046224575286
8.0,10,1,3.0,0.0225,0.030000000000000027,10.721046224575286
8.0,10,1,5.0,0.065,0.030000000000000027,10.721046224575286
8.0,10,1,7.5,0.05875,0.030000000000000027,10.721046224575286
8.0,10,1,10.0,0.06625,0.030000000000000027,10.721046224575286
8.0,10,1,15.0,0.19,0.030000000000000027,10.721046224575286
8.0,10,1,20.0,0.38,0.030000000000000027,10.721046224575286
8.0,10,1,30.0,0.6575,0.030000000000000027,10.721046224575286
8.0,10,2,1.0,0.01125,0.0,14.02370042161455
8.0,10,2,2.0,0.0075,0.0,14.02370042161455
8.0,10,2,3.0,0.005,0.0,14.02370042161455
8.0,10,2,5.0,0.02375,0.0,14.02370042161455
8.0,10,2,7.5,0.01,0.0,14.02370042161455
8.0,10,2,10.0,0.0125,0.0,14.02370042161455
8.0,10,2,15.0,0.06625,0.0,14.02370042161455
8.0,10,2,20.0,0.15125,0.0,14.02370042161455
8.0,10,2,30.0,0.25875,0.0,14.02370042161455
8.0,10,3,1.0,0.00875,0.010000000000000009,13.392889828500042
8.0,10,3,2.0,0.0075,0.010000000000000009,13.392889828500042
8.0,10,3,3.0,0.00625,0.010000000000000009,13.392889828500042
8.0,10,3,5.0,0.00375,0.010000000000000009,13.392889828500042
8.0,10,3,7.5,0.01,0.010000000000000009,13.392889828500042
8.0,10,3,10.0,0.01125,0.010000000000000009,13.392889828500042
8.0,10,3,15.0,0.01,0.010000000000000009,13.392889828500042
8.0,10,3,20.0,0.02375,0.010000000000000009,13.392889828500042
8.0,10,3,30.0,0.05375,0.010000000000000009,13.392889828500042
8.0,10,4,1.0,0.0,0.010000000000000009,13.365230924287722
8.0,10,4,2.0,0.0025,0.010000000000000009,13.365230924287722
8.0,10,4,3.0,0.005,0.010000000000000009,13.365230924287722
8.0,10,4,5.0,0.01625,0.010000000000000009,13.365230924287722
8.0,10,4,7.5,0.01125,0.010000000000000009,13.365230924287722
8.0,10,4,10.0,0.02875,0.010000000000000009,13.365230924287722
8.0,10,4,15.0,0.03125,0.010000000000000009,13.365230924287722
8.0,10,4,20.0,0.05625,0.010000000000000009,13.365230924287722
8.0,10,4,30.0,0.23125,0.010000000000000009,13.365230924287722
8.0,20,0,1.0,0.025,0.020000000000000018,10.072068259637149
8.0,20,0,2.0,0.0225,0.020000000000000018,10.072068259637149
8.0,20,0,3.0,0.01875,0.020000000000000018,10.072068259637149
8.0,20,0,5.0,0.0225,0.020000000000000018,10.072068259637149
8.0,20,0,7.5,0.0825,0.020000000000000018,10.072068259637149
8.0,20,0,10.0,0.2025,0.020000000000000018,10.072068259637149
8.0,20,0,15.0,0.3175,0.020000000000000018,10.072068259637149
8.0,20,0,20.0,0.285,0.020000000000000018,10.072068259637149
8.0,20,0,30.0,0.66125,0.020000000000000018,10.072068259637149
8.0,20,1,1.0,0.02125,0.010000000000000009,10.64518672290307
8.0,20,1,2.0,0.0125,0.010000000000000009,10.64518672290307
8.0,20,1,3.0,0.03375,0.010000000000000009,10.64518672290307
8.0,20,1,5.0,0.09,0.010000000000000009,10.64518672290307
8.0,20,1,7.5,0.15,0.010000000000000009,10.64518672290307
8.0,20,1,10.0,0.13125,0.010000000000000009,10.64518672290307
8.0,20,1,15.0,0.38,0.010000000000000009,10.64518672290307
8.0,20,1,20.0,0.74625,0.010000000000000009,10.64518672290307
8.0,20,1,30.0,0.96625,0.010000000000000009,10.64518672290307
8.0,20,2,1.0,0.00125,0.0,11.971996037259984
8.0,20,2,2.0,0.01,0.0,11.971996037259984
8.0,20,2,3.0,0.0075,0.0,11.971996037259984
8.0,20,2,5.0,0.025,0.0,11.971996037259984
8.0,20,2,7.5,0.055,0.0,11.971996037259984
8.0,20,2,10.0,0.105,0.0,11.971996037259984
8.0,20,2,15.0,0.3225,0.0,11.971996037259984
8.0,20,2,20.0,0.58375,0.0,11.971996037259984
8.0,20,2,30.0,0.78875,0.0,11.971996037259984
8.0,20,3,1.0,0.00625,0.010000000000000009,11.344723791312507
8.0,20,3,2.0,0.0075,0.010000000000000009,11.344723791312507
8.0,20,3,3.0,0.01875,0.010000000000000009,11.344723791312507
8.0,20,3,5.0,0.04875,0.010000000000000009,11.344723791312507
8.0,20,3,7.5,0.0875,0.010000000000000009,11.344723791312507
8.0,20,3,10.0,0.13375,0.010000000000000009,11.344723791312507
8.0,20,3,15.0,0.165,0.010000000000000009,11.344723791312507
8.0,20,3,20.0,0.56625,0.010000000000000009,11.344723791312507
8.0,20,3,30.0,0.8525,0.010000000000000009,11.344723791312507
8.0,20,4,1.0,0.02125,0.0,9.954753946084315
8.0,20,4,2.0,0.01125,0.0,9.954753946084315
8.0,20,4,3.0,0.02125,0.0,9.954753946084315
8.0,20,4,5.0,0.04,0.0,9.954753946084315
8.0,20,4,7.5,0.0575,0.0,9.954753946084315
8.0,20,4,10.0,0.17125,0.0,9.954753946084315
8.0,20,4,15.0,0.14125,0.0,9.954753946084315
8.0,20,4,20.0,0.28875,0.0,9.954753946084315
8.0,20,4,30.0,0.8475,0.0,9.954753946084315
8.0,40,0,1.0,0.01125,0.0,10.85843320153378
8.0,40,0,2.0,0.015,0.0,10.85843320153378
8.0,40,0,3.0,0.0175,0.0,10.85843320153378
8.0,40,0,5.0,0.095,0.0,10.85843320153378
8.0,40,0,7.5,0.11125,0.0,10.85843320153378
8.0,40,0,10.0,0.50875,0.0,10.85843320153378
8.0,40,0,15.0,0.57625,0.0,10.85843320153378
8.0,40,0,20.0,0.61875,0.0,10.85843320153378
8.0,40,0,30.0,0.94875,0.0,10.85843320153378
8.0,40,1,1.0,0.005,0.0,13.305318297197907
8.0,40,1,2.0,0.0075,0.0,13.305318297197907
8.0,40,1,3.0,0.00625,0.0,13.305318297197907
8.0,40,1,5.0,0.05875,0.0,13.305318297197907
8.0,40,1,7.5,0.1125,0.0,13.305318297197907
8.0,40,1,10.0,0.16875,0.0,13.305318297197907
8.0,40,1,15.0,0.52875,0.0,13.305318297197907
8.0,40,1,20.0,0.81,0.0,13.305318297197907
8.0,40,1,30.0,0.99625,0.0,13.305318297197907
8.0,40,2,1.0,0.01875,0.040000000000000036,9.434086380270783
8.0,40,2,2.0,0.02625,0.040000000000000036,9.434086380270783
8.0,40,2,3.0,0.04,0.040000000000000036,9.434086380270783
8.0,40,2,5.0,0.11125,0.040000000000000036,9.434086380270783
8.0,40,2,7.5,0.28875,0.040000000000000036,9.434086380270783
8.0,40,2,10.0,0.425,0.040000000000000036,9.434086380270783
8.0,40,2,15.0,0.7875,0.040000000000000036,9.434086380270783
8.0,40,2,20.0,0.95375,0.040000000000000036,9.434086380270783
8.0,40,2,30.0,0.9975,0.040000000000000036,9.434086380270783
8.0,40,3,1.0,0.0175,0.040000000000000036,10.123711640483346
8.0,40,3,2.0,0.02875,0.040000000000000036,10.123711640483346
8.0,40,3,3.0,0.03125,0.040000000000000036,10.123711640483346
8.0,40,3,5.0,0.11625,0.040000000000000036,10.123711640483346
8.0,40,3,7.5,0.25125,0.040000000000000036,10.123711640483346
8.0,40,3,10.0,0.32125,0.040000000000000036,10.123711640483346
8.0,40,3,15.0,0.42625,0.040000000000000036,10.123711640483346
8.0,40,3,20.0,0.8925,0.040000000000000036,10.123711640483346
8.0,40,3,30.0,0.99375,0.040000000000000036,10.123711640483346
8.0,40,4,1.0,0.0175,0.0,10.442510832764242
8.0,40,4,2.0,0.02125,0.0,10.442510832764242
8.0,40,4,3.0,0.01375,0.0,10.442510832764242
8.0,40,4,5.0,0.02875,0.0,10.442510832764242
8.0,40,4,7.5,0.08875,0.0,10.442510832764242
8.0,40,4,10.0,0.2125,0.0,10.442510832764242
8.0,40,4,15.0,0.44125,0.0,10.442510832764242
8.0,40,4,20.0,0.7525,0.0,10.442510832764242
8.0,40,4,30.0,0.97,0.0,10.442510832764242
