regime,seed,distance,rho,lam_exact,score_noncentrality,phi,threshold,predicted_delay_first_order,predicted_delay,measured_delay,censored,warmup_alarm_slots
default,0,2.0,0.1,0.7783354603535194,0.7720656008061302,0.0,11.693375826380196,3029.114576318616,2431.5,174.0,False,0
default,0,2.0,0.3,0.7783354603535194,0.7720656008061302,0.0,11.693375826380196,336.5682862576241,250.0,138.0,False,0
default,0,3.0,0.1,1.8350687552639295,1.8045107526389563,0.0,11.693375826380196,1296.0161982165575,791.5,805.0,False,0
default,0,3.0,0.3,1.8350687552639295,1.8045107526389563,0.0,11.693375826380196,144.00179980183972,97.5,60.0,False,0
default,0,5.0,0.1,5.660100532472809,5.451738962168426,0.0,11.693375826380196,428.9778328538739,161.5,252.0,False,0
default,0,5.0,0.3,5.660100532472809,5.451738962168426,0.0,11.693375826380196,47.66420365043044,21.0,18.0,False,0
default,0,8.0,0.1,16.68852740948872,15.55518164312741,0.0,11.693375826380196,150.34701740749597,25.5,119.0,False,0
default,0,8.0,0.3,16.68852740948872,15.55518164312741,0.0,11.693375826380196,16.705224156388446,5.0,16.0,False,0
default,1,2.0,0.1,1.9337284107875106,1.9267494086034085,0.0,11.693375826380196,1213.7931143683143,727.0,107.0,False,0
default,1,2.0,0.3,1.9337284107875106,1.9267494086034085,0.0,11.693375826380196,134.8659015964794,86.0,62.0,False,0
default,1,3.0,0.1,4.436213759088179,4.38267074158862,0.0,11.693375826380196,533.6187231871133,250.0,143.0,False,6
default,1,3.0,0.3,4.436213759088179,4.38267074158862,0.0,11.693375826380196,59.29096924301261,29.0,12.0,False,0
default,1,5.0,0.1,12.957314923475678,12.20188470837586,0.0,11.693375826380196,191.66507643451823,35.0,21.0,False,0
default,1,5.0,0.3,12.957314923475678,12.20188470837586,0.0,11.693375826380196,21.296119603835365,8.0,5.0,False,0
default,1,8.0,0.1,34.73842740745298,28.944706144248748,0.0,11.693375826380196,80.79802757785912,9.0,17.0,False,0
default,1,8.0,0.3,34.73842740745298,28.944706144248748,0.0,11.693375826380196,8.977558619762128,2.5,6.0,False,0
default,2,2.0,0.1,1.5435883479701142,1.5349080228331926,0.0,11.693375826380196,1523.6581804812133,934.5,283.0,False,0
default,2,2.0,0.3,1.5435883479701142,1.5349080228331926,0.0,11.693375826380196,169.29535338680148,115.0,26.0,False,0
default,2,3.0,0.1,3.2674469061724527,3.227972906811695,0.0,11.693375826380196,724.502724400489,379.5,1100.0,False,0
default,2,3.0,0.3,3.2674469061724527,3.227972906811695,0.0,11.693375826380196,80.50030271116546,45.0,59.0,False,0
default,2,5.0,0.1,8.210797040257527,7.962262989340047,0.0,11.693375826380196,293.7199095793594,90.0,138.0,False,0
default,2,5.0,0.3,8.210797040257527,7.962262989340047,0.0,11.693375826380196,32.63554550881772,15.0,5.0,False,0
default,2,8.0,0.1,18.477817896947116,17.298641951640814,0.0,11.693375826380196,135.1941482929075,21.0,17.0,False,0
default,2,8.0,0.3,18.477817896947116,17.298641951640814,0.0,11.693375826380196,15.02157203254528,5.0,1.0,False,0
default,3,2.0,0.1,1.3018743930177028,1.295430467381577,0.006457501924447024,11.693375826380196,1828.7940061176075,1289.0,854.0,False,0
default,3,2.0,0.3,1.3018743930177028,1.295430467381577,0.006457501924447024,11.693375826380196,203.19933401306756,144.0,93.0,False,0
default,3,3.0,0.1,2.868439688035123,2.835365581868855,0.006457501924447024,11.693375826380196,835.5449784814157,433.5,211.0,False,0
default,3,3.0,0.3,2.868439688035123,2.835365581868855,0.006457501924447024,11.693375826380196,92.83833094237956,55.5,1.0,False,0
default,3,5.0,0.1,7.655888391787736,7.408243340789684,0.006457501924447024,11.693375826380196,319.78910048019924,101.0,3.0,False,0
default,3,5.0,0.3,7.655888391787736,7.408243340789684,0.006457501924447024,11.693375826380196,35.53212227557769,17.0,61.0,False,0
default,3,8.0,0.1,18.677573357821405,17.233812706912612,0.006457501924447024,11.693375826380196,137.46670654830226,21.5,51.0,False,0
default,3,8.0,0.3,18.677573357821405,17.233812706912612,0.006457501924447024,11.693375826380196,15.274078505366921,5.0,1.0,False,0
default,4,2.0,0.1,0.9782693721862239,0.9775902883779584,0.002296677892159833,11.693375826380196,2403.299509882504,1953.5,,True,0
default,4,2.0,0.3,0.9782693721862239,0.9775902883779584,0.002296677892159833,11.693375826380196,267.0332788758338,191.0,143.0,False,2
default,4,3.0,0.1,2.373517173943793,2.3701444338894078,0.002296677892159833,11.693375826380196,991.2654382286768,513.5,898.0,False,0
default,4,3.0,0.3,2.373517173943793,2.3701444338894078,0.002296677892159833,11.693375826380196,110.14060424763079,67.5,33.0,False,0
default,4,5.0,0.1,7.337570744047403,7.308229656631503,0.002296677892159833,11.693375826380196,321.4789861991753,109.5,157.0,False,0
default,4,5.0,0.3,7.337570744047403,7.308229656631503,0.002296677892159833,11.693375826380196,35.71988735546394,17.0,45.0,False,0
default,4,8.0,0.1,17.81857842264054,16.71537713626126,0.002296677892159833,11.693375826380196,140.55574347933285,23.0,57.0,False,0
default,4,8.0,0.3,17.81857842264054,16.71537713626126,0.002296677892159833,11.693375826380196,15.617304831036988,5.0,12.0,False,0
weak_anchor,0,2.0,0.1,0.16025102888664655,0.15974827905033342,0.0644012544779074,11.693375826380196,16655.185055620725,inf,,True,0
weak_anchor,0,2.0,0.3,0.16025102888664655,0.15974827905033342,0.0644012544779074,11.693375826380196,1850.576117291192,1760.5,,True,0
weak_anchor,0,3.0,0.1,0.3563948179322154,0.3538140892220295,0.0644012544779074,11.693375826380196,7519.873376864336,inf,,True,0
weak_anchor,0,3.0,0.3,0.3563948179322154,0.3538140892220295,0.0644012544779074,11.693375826380196,835.5414863182597,620.5,1371.0,False,0
weak_anchor,0,5.0,0.1,0.9857824833093694,0.9649314763531811,0.0644012544779074,11.693375826380196,2757.3327382331186,2142.5,,True,0
weak_anchor,0,5.0,0.3,0.9857824833093694,0.9649314763531811,0.0644012544779074,11.693375826380196,306.3703042481244,222.5,184.0,False,0
weak_anchor,0,8.0,0.1,2.633196702426899,2.480918033625158,0.0644012544779074,11.693375826380196,1072.4405699177719,572.0,1232.0,False,0
weak_anchor,0,8.0,0.3,2.633196702426899,2.480918033625158,0.0644012544779074,11.693375826380196,119.16006332419691,71.5,20.0,False,0
weak_anchor,1,2.0,0.1,0.44382130593227254,0.4421654062439222,0.0,11.693375826380196,5289.140969083185,inf,1739.0,False,0
weak_anchor,1,2.0,0.3,0.44382130593227254,0.4421654062439222,0.0,11.693375826380196,587.6823298981317,438.0,714.0,False,0
weak_anchor,1,3.0,0.1,1.0218280671087854,1.008944752938264,0.0,11.693375826380196,2317.9417490058936,1869.5,2090.0,False,0
weak_anchor,1,3.0,0.3,1.0218280671087854,1.008944752938264,0.0,11.693375826380196,257.54908322287713,181.5,88.0,False,0
weak_anchor,1,5.0,0.1,3.0096123227389633,2.8263354067518045,0.0,11.693375826380196,827.458467841149,423.0,1247.0,False,0
weak_anchor,1,5.0,0.3,3.0096123227389633,2.8263354067518045,0.0,11.693375826380196,91.93982976012768,55.0,17.0,False,0
weak_anchor,1,8.0,0.1,8.13235722449847,6.764659458877804,0.0,11.693375826380196,345.7195708805131,125.5,466.0,False,0
weak_anchor,1,8.0,0.3,8.13235722449847,6.764659458877804,0.0,11.693375826380196,38.41328565339036,18.0,26.0,False,0
weak_anchor,2,2.0,0.1,0.04368547526226725,0.043406266780063846,0.04157207686259378,11.693375826380196,58552.75565166954,inf,,True,0
weak_anchor,2,2.0,0.3,0.04368547526226725,0.043406266780063846,0.04157207686259378,11.693375826380196,6505.861739074394,inf,,True,0
weak_anchor,2,3.0,0.1,0.10519216260386843,0.1037982159649298,0.04157207686259378,11.693375826380196,24485.551210080263,inf,466.0,False,0
weak_anchor,2,3.0,0.3,0.10519216260386843,0.1037982159649298,0.04157207686259378,11.693375826380196,2720.61680112003,2759.5,2950.0,False,0
weak_anchor,2,5.0,0.1,0.3239795278382048,0.3134144835453023,0.04157207686259378,11.693375826380196,8109.250420639514,inf,,True,0
weak_anchor,2,5.0,0.3,0.3239795278382048,0.3134144835453023,0.04157207686259378,11.693375826380196,901.027824515502,706.5,874.0,False,0
weak_anchor,2,8.0,0.1,0.8946219373480394,0.8244455060638751,0.04157207686259378,11.693375826380196,3082.746541561413,2552.5,524.0,False,0
weak_anchor,2,8.0,0.3,0.8946219373480394,0.8244455060638751,0.04157207686259378,11.693375826380196,342.5273935068236,252.0,265.0,False,0
weak_anchor,3,2.0,0.1,0.18181365865769802,0.1806994913327062,0.0,11.693375826380196,12942.345039422607,inf,2249.0,False,0
weak_anchor,3,2.0,0.3,0.18181365865769802,0.1806994913327062,0.0,11.693375826380196,1438.0383377136234,1295.0,2791.0,False,0
weak_anchor,3,3.0,0.1,0.396435575070297,0.390757711180029,0.0,11.693375826380196,5984.975083955719,inf,,True,0
weak_anchor,3,3.0,0.3,0.396435575070297,0.390757711180029,0.0,11.693375826380196,664.9972315506357,471.0,382.0,False,0
weak_anchor,3,5.0,0.1,1.0392567974103333,0.9968638959638675,0.0,11.693375826380196,2346.0325674798105,1898.0,895.0,False,0
weak_anchor,3,5.0,0.3,1.0392567974103333,0.9968638959638675,0.0,11.693375826380196,260.6702852755346,186.5,227.0,False,0
weak_anchor,3,8.0,0.1,2.485204893786413,2.238109487170655,0.0,11.693375826380196,1044.933314782788,543.0,863.0,False,0
weak_anchor,3,8.0,0.3,2.485204893786413,2.238109487170655,0.0,11.693375826380196,116.10370164253204,71.0,63.0,False,0
weak_anchor,4,2.0,0.1,0.16192008592779156,0.1618363445910803,0.0,11.693375826380196,14450.864984532876,inf,,True,0
weak_anchor,4,2.0,0.3,0.16192008592779156,0.1618363445910803,0.0,11.693375826380196,1605.6516649480977,1437.0,1410.0,False,0
weak_anchor,4,3.0,0.1,0.38901605432633674,0.3885827269023439,0.0,11.693375826380196,6018.474325709746,inf,,True,0
weak_anchor,4,3.0,0.3,0.38901605432633674,0.3885827269023439,0.0,11.693375826380196,668.7193695233052,471.0,991.0,False,0
weak_anchor,4,5.0,0.1,1.1394022174316327,1.137036407881644,0.0,11.693375826380196,2056.8164300324456,1528.5,,True,0
weak_anchor,4,5.0,0.3,1.1394022174316327,1.137036407881644,0.0,11.693375826380196,228.53515889249402,162.0,118.0,False,0
weak_anchor,4,8.0,0.1,1.8477432096417736,1.8175856468954825,0.0,11.693375826380196,1286.6932401620802,777.5,2546.0,False,0
weak_anchor,4,8.0,0.3,1.8477432096417736,1.8175856468954825,0.0,11.693375826380196,142.96591557356447,95.5,130.0,False,0
correlated_shadowing,0,2.0,0.1,0.7945119407545016,0.7881117720213544,0.8807636355316143,11.693375826380196,46806.652496394345,1296.5,464.0,False,0
correlated_shadowing,0,2.0,0.3,0.7945119407545016,0.7881117720213544,0.8807636355316143,11.693375826380196,5200.739166266038,703.0,87.0,False,0
correlated_shadowing,0,3.0,0.1,1.8732077779168348,1.8420146751894815,0.8807636355316143,11.693375826380196,20026.37348018222,161.0,36.0,False,0
correlated_shadowing,0,3.0,0.3,1.8732077779168348,1.8420146751894815,0.8807636355316143,11.693375826380196,2225.1526089091362,71.0,30.0,False,0
correlated_shadowing,0,5.0,0.1,5.777736834549487,5.565044796175693,0.8807636355316143,11.693375826380196,6628.6750947038545,9.0,9.0,False,0
correlated_shadowing,0,5.0,0.3,5.777736834549487,5.565044796175693,0.8807636355316143,11.693375826380196,736.519454967095,3.0,0.0,False,0
correlated_shadowing,0,8.0,0.1,17.035372247366517,15.878471668831073,0.8807636355316143,11.693375826380196,2323.200532815307,5.0,45.0,False,0
correlated_shadowing,0,8.0,0.3,17.035372247366517,15.878471668831073,0.8807636355316143,11.693375826380196,258.1333925350341,1.0,11.0,False,0
correlated_shadowing,1,2.0,0.1,1.93659795068115,1.9296085920658788,0.9240222493058231,11.693375826380196,30691.939769126468,35.0,5.0,False,0
correlated_shadowing,1,2.0,0.3,1.93659795068115,1.9296085920658788,0.9240222493058231,11.693375826380196,3410.215529902942,13.0,17.0,False,0
correlated_shadowing,1,3.0,0.1,4.442796840914665,4.389174368707875,0.9240222493058231,11.693375826380196,13493.068561573145,7.0,18.0,False,0
correlated_shadowing,1,3.0,0.3,4.442796840914665,4.389174368707875,0.9240222493058231,11.693375826380196,1499.2298401747942,2.0,2.0,False,0
correlated_shadowing,1,5.0,0.1,12.97654282118869,12.21999159182079,0.9240222493058231,11.693375826380196,4846.4379243366175,5.0,9.0,False,0
correlated_shadowing,1,5.0,0.3,12.97654282118869,12.21999159182079,0.9240222493058231,11.693375826380196,538.4931027040687,1.0,2.0,False,0
correlated_shadowing,1,8.0,0.1,34.78997720251826,28.98765839572691,0.9240222493058231,11.693375826380196,2043.0567339100778,5.0,17.0,False,0
correlated_shadowing,1,8.0,0.3,34.78997720251826,28.98765839572691,0.9240222493058231,11.693375826380196,227.00630376778653,1.0,6.0,False,0
correlated_shadowing,2,2.0,0.1,1.5587503168912673,1.5499847288536996,0.9045094997353496,11.693375826380196,30092.99820445257,132.0,195.0,False,0
correlated_shadowing,2,2.0,0.3,1.5587503168912673,1.5499847288536996,0.9045094997353496,11.693375826380196,3343.6664671613976,57.0,2.0,False,0
correlated_shadowing,2,3.0,0.1,3.299541556606976,3.2596798220367043,0.9045094997353496,11.693375826380196,14309.285024557874,17.0,3.0,False,0
correlated_shadowing,2,3.0,0.3,3.299541556606976,3.2596798220367043,0.9045094997353496,11.693375826380196,1589.9205582842085,6.0,0.0,False,0
correlated_shadowing,2,5.0,0.1,8.291447979159724,8.040472690874253,0.9045094997353496,11.693375826380196,5801.112628025312,5.0,23.0,False,0
correlated_shadowing,2,5.0,0.3,8.291447979159724,8.040472690874253,0.9045094997353496,11.693375826380196,644.5680697805903,1.0,4.0,False,0
correlated_shadowing,2,8.0,0.1,18.659317129597227,17.46855867328091,0.9045094997353496,11.693375826380196,2670.1508999518824,5.0,0.0,False,0
correlated_shadowing,2,8.0,0.3,18.659317129597227,17.46855867328091,0.9045094997353496,11.693375826380196,296.6834333279871,1.0,0.0,False,0
correlated_shadowing,3,2.0,0.1,1.3136260685379713,1.307123975290931,0.9111022094049216,11.693375826380196,38463.25821025612,172.5,26.0,False,0
correlated_shadowing,3,2.0,0.3,1.3136260685379713,1.307123975290931,0.9111022094049216,11.693375826380196,4273.695356695125,75.0,92.0,False,0
correlated_shadowing,3,3.0,0.1,2.894332333780394,2.860959676412973,0.9111022094049216,11.693375826380196,17573.210621922186,19.0,60.0,False,0
correlated_shadowing,3,3.0,0.3,2.894332333780394,2.860959676412973,0.9111022094049216,11.693375826380196,1952.5789579913544,7.0,0.0,False,0
correlated_shadowing,3,5.0,0.1,7.72499606967295,7.475115592354871,0.9111022094049216,11.693375826380196,6725.815320615408,5.0,2.0,False,0
correlated_shadowing,3,5.0,0.3,7.72499606967295,7.475115592354871,0.9111022094049216,11.693375826380196,747.3128134017123,1.0,0.0,False,0
correlated_shadowing,3,8.0,0.1,18.846170868291175,17.38937777217153,0.9111022094049216,11.693375826380196,2891.2044831695657,5.0,1.0,False,0
correlated_shadowing,3,8.0,0.3,18.846170868291175,17.38937777217153,0.9111022094049216,11.693375826380196,321.2449425743962,1.0,1.0,False,0
correlated_shadowing,4,2.0,0.1,1.022572013200905,1.0218621758936224,0.9022784208637574,11.693375826380196,44551.382431530204,408.0,370.0,False,0
correlated_shadowing,4,2.0,0.3,1.022572013200905,1.0218621758936224,0.9022784208637574,11.693375826380196,4950.153603503356,198.0,161.0,False,0
correlated_shadowing,4,3.0,0.1,2.481006054091823,2.4774805735999736,0.9022784208637574,11.693375826380196,18375.672881422604,35.5,44.0,False,0
correlated_shadowing,4,3.0,0.3,2.481006054091823,2.4774805735999736,0.9022784208637574,11.693375826380196,2041.7414312691783,13.0,35.0,False,0
correlated_shadowing,4,5.0,0.1,7.669865479869386,7.639195629947249,0.9022784208637574,11.693375826380196,5959.4458364285565,5.0,8.0,False,0
correlated_shadowing,4,5.0,0.3,7.669865479869386,7.639195629947249,0.9022784208637574,11.693375826380196,662.1606484920619,1.0,3.0,False,0
correlated_shadowing,4,8.0,0.1,18.625523938563248,17.472362250737316,0.9022784208637574,11.693375826380196,2605.5648307446936,5.0,2.0,False,0
correlated_shadowing,4,8.0,0.3,18.625523938563248,17.472362250737316,0.9022784208637574,11.693375826380196,289.5072034160771,1.0,2.0,False,0
