shadow_sigma_db,n_sus,seed,distance,measured,predicted_exact,predicted_fisher,lam_exact_mean,lam_fisher_mean
4.0,10,0,1.0,0.0175,0.004450717610976518,0.004449474509799834,0.05984230457135352,0.05967462557560569
4.0,10,0,2.0,0.03,0.006808194123331829,0.0070106528173159485,0.2474372473197941,0.26082940606865124
4.0,10,0,3.0,0.035,0.011591386586752095,0.011112361829519251,0.5203228987015329,0.4994463225100413
4.0,10,0,5.0,0.0575,0.04143485982294351,0.032733345617432685,1.6346962679264392,1.4051999054241353
4.0,10,0,7.5,0.20375,0.23480233316886193,0.1588002601033325,5.349831609763962,4.264559708458161
4.0,10,0,10.0,0.38875,0.41029496800656556,0.35052566335867874,17.45724604252057,7.230318084201317
4.0,10,0,15.0,0.42375,0.5258269655323857,0.6340099909987121,12.33961571548881,17.182189079090996
4.0,10,0,20.0,0.505,0.5613351033191143,0.5314456764654916,13.066953643274296,19.86221092025635
4.0,10,0,30.0,0.9225,0.9748499009368279,0.9997431388677621,33.06537940287684,72.03734208171824
4.0,10,1,1.0,0.025,0.00616157345379059,0.006086321579833997,0.27385814554151217,0.2696045100267658
4.0,10,1,2.0,0.02875,0.028239947569066268,0.018906033991440068,1.2002637093947413,0.9289690851238049
4.0,10,1,3.0,0.0625,0.06126891430273071,0.04386357088269017,1.9095305484257359,1.6731344774081047
4.0,10,1,5.0,0.28875,0.31416333289224074,0.32150730363066893,8.31287093173287,7.068563647063093
4.0,10,1,7.5,0.15125,0.19469337335893286,0.7775524560797641,4.708689100724621,18.572941736260677
4.0,10,1,10.0,0.22875,0.25447002968901394,0.6234030534267583,5.839282241134814,21.780770940865505
4.0,10,1,15.0,0.66875,0.8245473054829227,0.704856833690519,18.251537799345694,28.280120483141285
4.0,10,1,20.0,0.90125,0.9835095678366363,0.9740027028905028,31.22417725236445,75.33574490087423
4.0,10,1,30.0,0.995,0.9999455017312462,0.9956911852835906,57.463429944000325,210.1947476748271
4.0,10,2,1.0,0.00875,0.0009152669432512461,0.0009139953280340095,0.04954294136806366,0.049131295832482325
4.0,10,2,2.0,0.00875,0.0014381508820576557,0.0014676532587084143,0.20668919274845693,0.21512237818517263
4.0,10,2,3.0,0.005,0.0019580727147102154,0.0019524917087941132,0.3320128088253487,0.3297493891777128
4.0,10,2,5.0,0.03,0.008402051072220492,0.0074761426843315,1.1967881083339256,1.134793527569026
4.0,10,2,7.5,0.02375,0.02059299569580593,0.02812800231839209,2.0397263245911956,2.439165688523709
4.0,10,2,10.0,0.045,0.0492059509054626,0.07955387105760682,3.3417701323142133,4.277273648045518
4.0,10,2,15.0,0.3875,0.4688072372337493,0.2980218730001555,19.128480103118576,9.1703979914453
4.0,10,2,20.0,0.6225,0.7682738294360588,0.6601450184292827,29.912693253832398,19.84637049089172
4.0,10,2,30.0,0.76625,0.874155210106399,0.8976412966988976,45.1854242700396,39.12948688011105
4.0,10,3,1.0,0.01125,0.003014665503158081,0.003013722555357281,0.010938579684259531,0.010829714314770802
4.0,10,3,2.0,0.0175,0.003239161431069415,0.0032378060017230854,0.03652410547202564,0.0363727665126547
4.0,10,3,3.0,0.015,0.0035175160321191,0.003547343769594026,0.06707969815758819,0.07042818659801547
4.0,10,3,5.0,0.01625,0.005336171596965848,0.005118171255634142,0.2428637256943168,0.22457345796188388
4.0,10,3,7.5,0.0225,0.008582086023084943,0.009506316065066606,0.5112336306997546,0.5773524005014976
4.0,10,3,10.0,0.03,0.017860372281593997,0.013869538666148571,0.9801242975314836,0.7893827740781877
4.0,10,3,15.0,0.0525,0.03281630914389019,0.03081769010118578,1.4584430392942458,1.4671940835025488
4.0,10,3,20.0,0.105,0.08870977037689982,0.07340537722689369,3.3926361589929748,2.787794031776286
4.0,10,3,30.0,0.39625,0.48191367759435444,0.32513711226169023,10.379058039377401,7.463862734480695
4.0,10,4,1.0,0.005,0.001799859999031962,0.001795792080320724,0.05832510939155405,0.057720243759317676
4.0,10,4,2.0,0.00875,0.003197475648585293,0.0029898756514929216,0.2770333987931991,0.2528105593486413
4.0,10,4,3.0,0.01,0.005163500878733059,0.0054835133908202735,0.5252852838879656,0.5778052634702462
4.0,10,4,5.0,0.0325,0.0101228445149673,0.01610970645780165,0.958825081937914,1.2286063008907928
4.0,10,4,7.5,0.04625,0.03066398730424105,0.0841240056603667,1.9883864894466252,3.579471979811321
4.0,10,4,10.0,0.125,0.16710232071027786,0.3338475298140634,5.617129845537224,8.864925354760738
4.0,10,4,15.0,0.1425,0.19498131348806713,0.6580440658340709,5.961768917326616,18.16553812391998
4.0,10,4,20.0,0.30875,0.40760529796318906,0.8294529979649317,10.690198470773087,27.26727188106622
4.0,10,4,30.0,0.895,0.9838843907985504,0.9250467600057066,40.040472611978814,59.329874529542934
4.0,20,0,1.0,0.015,0.007752743416902859,0.007745111033661198,0.09236201610629216,0.0918625553967276
4.0,20,0,2.0,0.02875,0.013152362817793656,0.013341248221323414,0.3699910968658935,0.3777275282999971
4.0,20,0,3.0,0.03,0.024120895699662498,0.023371892372347602,0.7911596640381814,0.7696414168737211
4.0,20,0,5.0,0.0825,0.08451426610247051,0.0733290011379239,2.3720783647903914,2.1527520835883123
4.0,20,0,7.5,0.32875,0.3491207708650834,0.29577061784609415,7.098581320863031,5.947071228000992
4.0,20,0,10.0,0.50875,0.539199580221861,0.5385212226717486,20.791521072274193,10.55808409901278
4.0,20,0,15.0,0.7675,0.8005706864955924,0.7877562934844022,28.483211283169233,25.411300930924554
4.0,20,0,20.0,0.85875,0.8838660704257137,0.8550823392994695,23.15509594174419,31.79974306751749
4.0,20,0,30.0,0.99375,0.9996801181208865,0.9999917372460947,50.095929784412114,101.88837414259561
4.0,20,1,1.0,0.04125,0.020175068589949136,0.02006502894093948,0.4546864835014337,0.4523368574642683
4.0,20,1,2.0,0.0875,0.08357116673949201,0.06602340506010419,1.9329374339083012,1.6389893452758966
4.0,20,1,3.0,0.15625,0.16814075409025403,0.15607326267668903,3.4154630525460354,3.2548106195115705
4.0,20,1,5.0,0.595,0.6306188620328184,0.6286867510432441,13.548299238159604,11.324981674065008
4.0,20,1,7.5,0.62625,0.6679043936029527,0.9469124126210821,17.199901186866903,28.125396677676214
4.0,20,1,10.0,0.7575,0.7961508982141281,0.9758279476203776,15.378037535286367,39.22671658232334
4.0,20,1,15.0,0.9775,0.9956077270832986,0.9999781424012113,31.411465440354053,66.53695453613504
4.0,20,1,20.0,1.0,0.9999964409073301,0.9999999999608837,59.53111614072438,146.68588569165166
4.0,20,1,30.0,1.0,0.999999999999412,1.0,126.6304065871139,375.35827271718983
4.0,20,2,1.0,0.0075,0.006832256713206441,0.006838666389829341,0.1333895982266602,0.13381479669195748
4.0,20,2,2.0,0.02375,0.01575882832804452,0.015549538128928422,0.6248141962320362,0.618483200997726
4.0,20,2,3.0,0.04125,0.023931249570413496,0.023666368547829268,0.9343088584581132,0.9285478499782405
4.0,20,2,5.0,0.11375,0.11274501331096373,0.11993888770783091,3.153834256338911,3.252548014369129
4.0,20,2,7.5,0.36875,0.38981291040707505,0.35312493319062643,8.293172696945032,7.179638132185468
4.0,20,2,10.0,0.48875,0.5390956806489413,0.5596852706580587,13.867102813788915,12.167270433327968
4.0,20,2,15.0,0.70375,0.7322524940000912,0.8006126378046856,32.77018486319832,27.607261658337812
4.0,20,2,20.0,0.98875,0.9964750737948908,0.9315028960794038,59.60783310036162,56.9357145551524
4.0,20,2,30.0,1.0,0.999998396884443,0.9923619164682392,89.10328106683002,117.97302909954567
4.0,20,3,1.0,0.00875,0.0069249000856116075,0.00683099899364327,0.2928338805706205,0.285869491973877
4.0,20,3,2.0,0.03375,0.023899310654766824,0.021832467358149036,1.2039552381565524,1.122456508482846
4.0,20,3,3.0,0.0375,0.03518781395655561,0.04357652696880625,1.4926795312966468,1.7764422447350858
4.0,20,3,5.0,0.305,0.32646562952566005,0.30034530444061336,8.065288539589421,6.910287851510655
4.0,20,3,7.5,0.4525,0.47449216549227247,0.46142971633805197,13.344398947521844,10.166316262523203
4.0,20,3,10.0,0.59375,0.6748658313307023,0.7715810177795942,16.460387766469385,20.04555511737177
4.0,20,3,15.0,0.60375,0.6422548244702198,0.962953441073411,17.76036849576004,43.45988614935153
4.0,20,3,20.0,0.975,0.9848018024314455,0.9986165022338647,48.373195785711545,88.44601608448843
4.0,20,3,30.0,1.0,0.9999999659464979,0.9999999939128275,94.43483613792684,212.31876863343297
4.0,20,4,1.0,0.02,0.005302429673724034,0.00528777010322364,0.10533789141088451,0.10435642004792461
4.0,20,4,2.0,0.01625,0.009761528565973236,0.00926614228274856,0.40362105164792095,0.3796321426049153
4.0,20,4,3.0,0.035,0.02377333670104594,0.024450596578672275,1.0737437436166875,1.1167042687559794
4.0,20,4,5.0,0.0725,0.05628413922762662,0.06894188110161856,1.992537463823182,2.2347423306468315
4.0,20,4,7.5,0.22375,0.22145343438128812,0.2835995810557333,5.250013972265452,6.359244355538637
4.0,20,4,10.0,0.595,0.6078998292288696,0.6940001011732634,16.51307182911813,15.584667101520573
4.0,20,4,15.0,0.5725,0.6351879235218543,0.8629265994790207,13.638297877356088,29.055340348826647
4.0,20,4,20.0,0.82875,0.8874042781381917,0.9585638186590092,22.64145707065974,40.876198657687596
4.0,20,4,30.0,1.0,0.9999989780556136,0.9999993021216685,79.30214700152446,122.9794936406015
4.0,40,0,1.0,0.015,0.009681255761710783,0.009484247513017647,0.30344753196578367,0.2924905203425918
4.0,40,0,2.0,0.03625,0.02620908463575752,0.02676068462619243,1.070263447534585,1.0906028219790918
4.0,40,0,3.0,0.0975,0.10075844156708721,0.08255886094831599,2.9542883650686127,2.6458739765016404
4.0,40,0,5.0,0.51375,0.5350362396881846,0.35465316336366204,11.884667872782176,7.305773090008534
4.0,40,0,7.5,0.595,0.6552909651118612,0.7149327188752275,13.07804321706338,14.294415752023937
4.0,40,0,10.0,0.94125,0.9601542837559143,0.9423257454670821,44.0352394253117,27.126512693649172
4.0,40,0,15.0,0.99125,0.9950921977227181,0.999843925003667,50.54178307464925,61.52884528008805
4.0,40,0,20.0,0.97,0.9863051990734051,0.9999999934030394,52.482129305504124,121.91904521689423
4.0,40,0,30.0,1.0,0.9999999993781595,1.0,118.01483425748735,230.28920476972152
4.0,40,1,1.0,0.02125,0.018293370351983834,0.01819371783342101,0.5224829109416782,0.5200159433325765
4.0,40,1,2.0,0.08625,0.08838670964496234,0.07108610858541323,2.3091498706645566,2.009208616984727
4.0,40,1,3.0,0.16,0.2060785864841695,0.1925597477373876,4.436801041884287,4.244505819692281
4.0,40,1,5.0,0.7,0.7376426746419666,0.7380947013441914,16.158876593313863,13.817310168735084
4.0,40,1,7.5,0.745,0.7863931049723134,0.9853169216505243,21.325034417499932,33.089310035125635
4.0,40,1,10.0,0.875,0.888751644288764,0.9990929146039245,25.092990548319882,49.73545157433494
4.0,40,1,15.0,0.99875,0.9999600562444808,0.9999999961022731,53.658177898753436,98.56138256234489
4.0,40,1,20.0,1.0,0.9999999970892779,1.0,84.84268622207213,187.4120123577716
4.0,40,1,30.0,1.0,1.0,1.0,211.30222077492147,442.93983211469947
4.0,40,2,1.0,0.03125,0.026626989301980347,0.026578243200383316,0.363415535645715,0.3621564967814781
4.0,40,2,2.0,0.0725,0.08058202054007182,0.07512469216714171,1.5367961460308903,1.4386258469826996
4.0,40,2,3.0,0.18625,0.23032264802119537,0.21212635424248102,3.807934259645026,3.5850575872446577
4.0,40,2,5.0,0.5625,0.5909732031056376,0.62649962431524,9.611434099153616,9.48390442294214
4.0,40,2,7.5,0.9175,0.9428590118665332,0.9624316156589132,20.328297043731297,21.8341689590374
4.0,40,2,10.0,0.94875,0.9611766247246805,0.9992723008514555,29.19646753484594,38.460316631420056
4.0,40,2,15.0,0.99875,0.999613813956105,0.9999999987031085,70.74180183153587,89.41586717354305
4.0,40,2,20.0,1.0,0.9999999997541376,1.0,113.43358419161682,147.72369555797044
4.0,40,2,30.0,1.0,1.0,1.0,188.65498857431945,352.36909980990094
4.0,40,3,1.0,0.00875,0.009720790130722811,0.009609668649996555,0.4203015513155897,0.41360318112755057
4.0,40,3,2.0,0.04,0.04054604283094536,0.037906051891890696,1.7260301550828072,1.6540848448521277
4.0,40,3,3.0,0.08625,0.08007831247194841,0.08908023147564889,2.7943285529338175,2.9582401635738877
4.0,40,3,5.0,0.4875,0.4923780609825592,0.5028425319225154,11.2389239548553,10.234630434343963
4.0,40,3,7.5,0.78625,0.8222147806652447,0.7811615705764263,21.310099857534105,17.05240830628642
4.0,40,3,10.0,0.88,0.9142222004341682,0.9790243552791782,25.91111228880884,33.175639271125384
4.0,40,3,15.0,0.88625,0.9087594994006297,0.9999735562121276,34.775161479504234,73.87499500425457
4.0,40,3,20.0,0.9975,0.9995520517907703,0.9999999997237617,90.65096001197901,142.70287203417817
4.0,40,3,30.0,1.0,0.9999999999999992,1.0,158.4196172228247,331.5046784317566
4.0,40,4,1.0,0.015,0.00560336613086365,0.005585913382332778,0.19630873697702458,0.19493767137785936
4.0,40,4,2.0,0.0175,0.01413663406147697,0.013464269840359732,0.7749333571371745,0.7422476835647345
4.0,40,4,3.0,0.02625,0.04014941263668559,0.0396781586692814,1.892923612931569,1.8745632327840587
4.0,40,4,5.0,0.12125,0.15095926222477932,0.15719671486803505,4.547022539805484,4.651968270863115
4.0,40,4,7.5,0.4675,0.5399782815515222,0.5433349554117906,11.226763662665526,11.236611286096714
4.0,40,4,10.0,0.76125,0.7979133021801159,0.9088710591801505,22.1453918313934,22.492049654439946
4.0,40,4,15.0,0.925,0.9480379589736565,0.9991865012311998,35.02514909582575,46.472152701635295
4.0,40,4,20.0,0.98,0.9853995967223386,0.9999995317707626,66.2069388977757,75.83890661347674
4.0,40,4,30.0,1.0,0.99999999999383,1.0,118.85602183993822,195.8622103631827
6.0,10,0,1.0,0.02,0.005167337227626008,0.005166496869592448,0.026596579809490456,0.02652205581138031
6.0,10,0,2.0,0.02375,0.0063220384084727195,0.006411910254640273,0.1099721099199085,0.11592418047495609
6.0,10,0,3.0,0.02625,0.008293111152416885,0.00811825385550809,0.23125462164512575,0.2219761433377961
6.0,10,0,5.0,0.035,0.018583630369074643,0.01589183308762771,0.726531674633973,0.6245332912996157
6.0,10,0,7.5,0.0975,0.09121153694205805,0.05474901516239081,2.377702937672872,1.8953598704258492
6.0,10,0,10.0,0.26875,0.2964786821944005,0.12690068030752052,7.758776018898031,3.2134747040894744
6.0,10,0,15.0,0.23125,0.25161102246409484,0.3886545586317234,5.48427365132836,7.636528479595999
6.0,10,0,20.0,0.25125,0.26041161271205426,0.38660193619063477,5.807534952566353,8.82764929789171
6.0,10,0,30.0,0.64375,0.7227932456571969,0.971314037092859,14.695724179056375,32.01659648076367
6.0,10,1,1.0,0.02375,0.0065435617979011425,0.006510509734394453,0.12171473135178318,0.11982422667856259
6.0,10,1,2.0,0.015,0.015009648631967396,0.011878790958432979,0.5334505375087739,0.41287514894391325
6.0,10,1,3.0,0.045,0.026093559490911213,0.020353369076842626,0.8486802437447716,0.7436153232924909
6.0,10,1,5.0,0.1375,0.16500266336262503,0.1179071421095355,3.6946093029923874,3.1415838431391525
6.0,10,1,7.5,0.08125,0.07134306224112978,0.4228102541972837,2.0927507114331654,8.254640771671411
6.0,10,1,10.0,0.10875,0.09759883630504311,0.4488170239765381,2.595236551615473,9.68034264038467
6.0,10,1,15.0,0.33875,0.4006401564096841,0.48636111612808536,8.111794577486975,12.568942436951684
6.0,10,1,20.0,0.61125,0.719778573649285,0.8802449883101641,13.877412112161977,33.48255328927743
6.0,10,1,30.0,0.87125,0.9668702170612586,0.9481009275567434,25.539302197333477,93.41988785547872
6.0,10,2,1.0,0.01125,0.0011920998469897208,0.0011913775538973763,0.02201908505247274,0.021836131481103256
6.0,10,2,2.0,0.00875,0.0014767972114699335,0.001492416987128742,0.09186186344375864,0.09560994586007672
6.0,10,2,3.0,0.00625,0.0017278641484230572,0.0017241794492018933,0.14756124836682166,0.14655528407898347
6.0,10,2,5.0,0.03,0.0040574085664415995,0.0037991056497981724,0.5319058259261892,0.504352678919567
6.0,10,2,7.5,0.01125,0.007470462887227637,0.00942428381699866,0.9065450331516425,1.084073639343871
6.0,10,2,10.0,0.02375,0.014683646822584984,0.02184025992263422,1.485231169917428,1.9010105102424522
6.0,10,2,15.0,0.185,0.3042381311462737,0.08627161060229739,8.501546712497147,4.075732440642355
6.0,10,2,20.0,0.3575,0.488367201361981,0.3061528694540505,13.29453033503662,8.820609107062985
6.0,10,2,30.0,0.5225,0.6598452051648243,0.6437590489525765,20.082410786684264,17.390883057827132
6.0,10,3,1.0,0.015,0.002286040025825893,0.0022857052794736286,0.0048615909707820145,0.004813206362120357
6.0,10,3,2.0,0.0125,0.0023652006234057277,0.0023647277431254926,0.01623293576534473,0.01616567400562431
6.0,10,3,3.0,0.01125,0.0024614699126031697,0.0024719051974231646,0.0298131991811503,0.03130141626578466
6.0,10,3,5.0,0.00875,0.003051646615574718,0.0029854645615177674,0.10793943364191858,0.09981042576083728
6.0,10,3,7.5,0.015,0.004030325354551159,0.004291830072794417,0.22721494697766867,0.2566010668895545
6.0,10,3,10.0,0.02,0.006334684639739721,0.005359233203776959,0.4356107989028816,0.35083678847919453
6.0,10,3,15.0,0.02375,0.009663157244781166,0.009295970218523325,0.6481969063529982,0.6520862593344661
6.0,10,3,20.0,0.0425,0.022259408848363756,0.018952214365725768,1.5078382928857665,1.2390195696783493
6.0,10,3,30.0,0.15125,0.12421194662888455,0.08666441564890955,4.612914684167734,3.317272326435864
6.0,10,4,1.0,0.0025,0.0017284188759074792,0.0017268147496914588,0.025922270840690688,0.025653441670807853
6.0,10,4,2.0,0.00375,0.0022926577289111945,0.002219997473255644,0.12312595501919958,0.11236024859939611
6.0,10,4,3.0,0.0075,0.003005457333091451,0.003138369484502606,0.23346012617242912,0.25680233932010943
6.0,10,4,5.0,0.02,0.004529465664530224,0.005998245570075044,0.4261444808612951,0.5460472448403524
6.0,10,4,7.5,0.02375,0.00973239468371589,0.022264231517723616,0.8837273286429446,1.590876435471698
6.0,10,4,10.0,0.0525,0.04481646615680274,0.08794099523638098,2.4965021535720995,3.9399668243381054
6.0,10,4,15.0,0.0575,0.04983529055295764,0.3092786181554626,2.6496750743673854,8.07357249951999
6.0,10,4,20.0,0.1175,0.121590428238225,0.4800850622428513,4.751199320343594,12.118787502696096
6.0,10,4,30.0,0.53,0.7521402802966686,0.6702516993898705,17.795765605323915,26.368833124241302
6.0,20,0,1.0,0.02,0.007688384942216369,0.007684599866177259,0.041049784936129846,0.040827802398545596
6.0,20,0,2.0,0.03,0.010031740489795285,0.010104955693150858,0.16444048749595266,0.16787890146666537
6.0,20,0,3.0,0.01875,0.014161699251824953,0.013910970053889972,0.3516265173503028,0.342062851943876
6.0,20,0,5.0,0.04125,0.03399704540177526,0.030538332459289445,1.0542570510179519,0.9567787038170277
6.0,20,0,7.5,0.155,0.14560957678531816,0.10389072221401616,3.15492503149468,2.6431427680004402
6.0,20,0,10.0,0.32375,0.3585599274259915,0.23365767351512248,9.240676032121865,4.692481821783458
6.0,20,0,15.0,0.5,0.5167610611366557,0.5811077798618336,12.65920501474188,11.293911524855357
6.0,20,0,20.0,0.52375,0.5576850284199846,0.604178485471454,10.291153751886306,14.133219141118882
6.0,20,0,30.0,0.9,0.9314451552301997,0.9924430860362551,22.264857681960937,45.28372184115361
6.0,20,1,1.0,0.015,0.0048851638671712945,0.004868906075913657,0.20208288155619275,0.2010386033174526
6.0,20,1,2.0,0.01625,0.014898606499047628,0.012075419051668045,0.8590833039592449,0.7284397090115096
6.0,20,1,3.0,0.03375,0.03225528215415463,0.02714872814088684,1.5179835789093488,1.4465824975606978
6.0,20,1,5.0,0.2,0.23663132940948772,0.17446677758358348,6.021466328070935,5.033325188473336
6.0,20,1,7.5,0.23125,0.2827537588323351,0.5920797929311624,7.6444005274964,12.500176301189427
6.0,20,1,10.0,0.24875,0.27059691839687416,0.7110932172880366,6.834683349016163,17.434096258810374
6.0,20,1,15.0,0.5975,0.6776542120252699,0.953744294919874,13.960651306824024,29.571979793837794
6.0,20,1,20.0,0.90625,0.9645235517673139,0.9996703928138053,26.458273840321944,65.1937269740674
6.0,20,1,30.0,0.995,0.9998554512119855,0.999999999863246,56.280180705383955,166.82589898541772
6.0,20,2,1.0,0.00375,0.004116011511861771,0.004118020236105632,0.05928426587851564,0.05947324297420333
6.0,20,2,2.0,0.0125,0.006686478108205504,0.006637859841990911,0.2776951983253494,0.27488142266565596
6.0,20,2,3.0,0.01125,0.008729258828551377,0.008672425520820828,0.4152483815369392,0.4126879333236625
6.0,20,2,5.0,0.04375,0.029356501252162062,0.031057722774749358,1.4017041139284048,1.4455768952751684
6.0,20,2,7.5,0.12125,0.13534088940678196,0.10162962329958738,3.6858545319755693,3.190950280971319
6.0,20,2,10.0,0.2175,0.2476805107702994,0.22530640678160313,6.1631568061284066,5.407675748145763
6.0,20,2,15.0,0.505,0.515174008810775,0.5398001548918683,14.564526605865916,12.26989407037236
6.0,20,2,20.0,0.83125,0.8937764200933961,0.7707475165190014,26.492370266827386,25.30476202451218
6.0,20,2,30.0,0.96,0.9878485748260204,0.9109465431235015,39.601458251924456,52.432457377575844
6.0,20,3,1.0,0.00625,0.004026266257709579,0.003996147068397321,0.13014839136472023,0.12705310754394533
6.0,20,3,2.0,0.0075,0.008768566499348884,0.00824940190281033,0.5350912169584676,0.49886955932570937
6.0,20,3,3.0,0.0225,0.011310611806447289,0.013369535791992383,0.6634131250207319,0.7895298865489271
6.0,20,3,5.0,0.1175,0.11484601874546162,0.07982610841641266,3.5845726842619645,3.0712390451158464
6.0,20,3,7.5,0.2,0.22962471409146112,0.1480594449536204,5.930843976676375,4.518362783343646
6.0,20,3,10.0,0.25125,0.30026309970268394,0.38522196779924134,7.315727896208616,8.909135607720785
6.0,20,3,15.0,0.26875,0.3397742205711475,0.7368373300383531,7.893497109226685,19.315504955267347
6.0,20,3,20.0,0.8175,0.8563705558206449,0.9040641237242664,21.49919812698291,39.30934048199486
6.0,20,3,30.0,0.9775,0.9966462543771287,0.9990371635953277,41.971038283523036,94.36389717041466
6.0,20,4,1.0,0.0225,0.007001907361625304,0.00699409850080192,0.04681684062705978,0.046380631132410935
6.0,20,4,2.0,0.02125,0.009372915620612744,0.009150233377528919,0.1793871340657426,0.1687253967132957
6.0,20,4,3.0,0.02625,0.01562800666758781,0.015978084118425172,0.4772194416074167,0.49631300833599085
6.0,20,4,5.0,0.0475,0.027466500730399832,0.031559539836313176,0.8855722061436365,0.993218813620814
6.0,20,4,7.5,0.1,0.09095043400917502,0.11455961042051711,2.3333395432290898,2.826330824683838
6.0,20,4,10.0,0.3275,0.3777542932330198,0.3619725188836664,7.339143035163612,6.926518711786921
6.0,20,4,15.0,0.285,0.2972237724859417,0.6178196104296287,6.061465723269372,12.913484599478508
6.0,20,4,20.0,0.51,0.5431330025230694,0.7814250794662567,10.062869809182107,18.16719940341671
6.0,20,4,30.0,0.975,0.9921870425154329,0.994371595729622,35.245398667344205,54.65755272915622
6.0,40,0,1.0,0.00875,0.0059183065913877946,0.005852747350175602,0.13486556976257053,0.12999578681892973
6.0,40,0,2.0,0.0175,0.010997944398599436,0.011153129021717957,0.4756726433487044,0.4847123653240408
6.0,40,0,3.0,0.0325,0.03024728640593145,0.025678733177401308,1.3130170511416055,1.1759439895562847
6.0,40,0,5.0,0.225,0.22466600349891097,0.10121960064376338,5.282074610125411,3.2470102622260155
6.0,40,0,7.5,0.2375,0.24424734670416315,0.2748355506803284,5.812463652028169,6.353073667566194
6.0,40,0,10.0,0.75625,0.7584359211426515,0.5943612976267945,19.571217522360755,12.056227863844077
6.0,40,0,15.0,0.8275,0.8341110739498756,0.9470228029292,22.463014699844113,27.346153457816914
6.0,40,0,20.0,0.83875,0.8419319511782068,0.9987931908684646,23.325390802446275,54.18624231861966
6.0,40,0,30.0,0.995,0.9992766728370472,0.9999999985160221,52.45103744777216,102.3507576754318
6.0,40,1,1.0,0.02,0.007910324307995844,0.00788734548009886,0.23221462708519028,0.23111819703670064
6.0,40,1,2.0,0.02875,0.02470957801749578,0.02072600687847137,1.0262888314064698,0.8929816075487675
6.0,40,1,3.0,0.03875,0.05562328054869106,0.04944988227616645,1.9719115741707944,1.8864470309743475
6.0,40,1,5.0,0.31125,0.3325933240971841,0.27177985134165744,7.181722930361717,6.141026741660038
6.0,40,1,7.5,0.3875,0.41389536332220256,0.7408875273147346,9.477793074444413,14.706360015611393
6.0,40,1,10.0,0.5175,0.5533698590347813,0.89214595161343,11.152440243697727,22.10464514414886
6.0,40,1,15.0,0.9325,0.9465033560540426,0.9982487276569354,23.84807906611264,43.80505891659774
6.0,40,1,20.0,0.9925,0.9979692026500471,0.9999998843516806,37.70786054314317,83.29422771456515
6.0,40,1,30.0,1.0,0.9999997674655594,1.0,93.91209812218732,196.86214760653309
6.0,40,2,1.0,0.01375,0.011640084442172178,0.011627304847289965,0.16151801584254,0.16095844301399026
6.0,40,2,2.0,0.03375,0.025121070070698977,0.023806738400631862,0.6830205093470623,0.6393892653256443
6.0,40,2,3.0,0.0575,0.06297351626135425,0.05731118710018737,1.6924152265089003,1.5933589276642923
6.0,40,2,5.0,0.21125,0.20792746154170505,0.20091076496056523,4.271748488512718,4.215068632418729
6.0,40,2,7.5,0.52,0.5238728968127432,0.5673580603057504,9.0347986861028,9.70407509290551
6.0,40,2,10.0,0.68375,0.6706501048524744,0.8713176090910624,12.976207793264862,17.093474058408916
6.0,40,2,15.0,0.94,0.9464499723109374,0.9989354352137462,31.44080081401594,39.740385410463574
6.0,40,2,20.0,0.99625,0.9995015669967913,0.9999986679030533,50.41492630738526,65.65497580354241
6.0,40,2,30.0,1.0,0.9999999646348066,1.0,83.84666158858641,156.60848880440045
6.0,40,3,1.0,0.01375,0.010032222464732716,0.009973553446960479,0.1868006894735954,0.18382363605668917
6.0,40,3,2.0,0.03875,0.023637992828790973,0.022664512942958695,0.7671245133701365,0.735148819934279
6.0,40,3,3.0,0.0475,0.03825629160587225,0.041309729748042,1.2419238013039189,1.314773406032839
6.0,40,3,5.0,0.25125,0.2352349036274765,0.2066931875499613,4.995077313269022,4.548724637486206
6.0,40,3,7.5,0.46375,0.4851587700343432,0.4002537633628708,9.471155492237383,7.578848136127298
6.0,40,3,10.0,0.5925,0.6195767953486382,0.7561190603750139,11.516049906137262,14.744728564944614
6.0,40,3,15.0,0.6875,0.7011735633981601,0.9823471274588702,15.455627324224103,32.83333111300203
6.0,40,3,20.0,0.9675,0.9762266755663332,0.9996749174536672,40.28931556087956,63.42349868185697
6.0,40,3,30.0,1.0,0.9999971492757811,0.9999999999643738,70.40871876569989,147.3354126363363
6.0,40,4,1.0,0.02125,0.007762593749841652,0.007751811165967314,0.08724832754534426,0.08663896505682639
6.0,40,4,2.0,0.02375,0.01260679689927324,0.012285964902540705,0.3444148253942998,0.32988785936210424
6.0,40,4,3.0,0.02125,0.02430397183436827,0.024101191705065923,0.8412993835251417,0.8331392145706927
6.0,40,4,5.0,0.06625,0.06463683004978844,0.06681261309189956,2.020898906580215,2.0675414537169403
6.0,40,4,7.5,0.19625,0.22731333967122608,0.22714911385676223,4.989672738962456,4.994049460487429
6.0,40,4,10.0,0.48,0.5104807003316857,0.5491007816735276,9.842396369508178,9.996466513084421
6.0,40,4,15.0,0.71,0.7308231554256923,0.9148377496082317,15.56673293147811,20.654290089615685
6.0,40,4,20.0,0.89625,0.9070067430356838,0.9946209704078819,29.4253061767892,33.70618071710077
6.0,40,4,30.0,0.9975,0.9999150846105892,0.9999999854825217,52.8248985955281,87.04987127252565
8.0,10,0,1.0,0.02,0.0045583872186367,0.004557924178726551,0.01496057614283838,0.014918656393901423
8.0,10,0,2.0,0.0225,0.0051409010255373455,0.005184714625923317,0.06185931182994853,0.06520735151716281
8.0,10,0,3.0,0.01625,0.006075377208337642,0.005996705552435484,0.13008072467538323,0.12486158062751032
8.0,10,0,5.0,0.02375,0.010563704245402702,0.009466530305928419,0.4086740669816098,0.3512999763560338
8.0,10,0,7.5,0.05125,0.03897909554132953,0.02484305386804303,1.3374579024409905,1.0661399271145402
8.0,10,0,10.0,0.15,0.20080332979239915,0.052205239193449784,4.364311510630142,1.8075795210503292
8.0,10,0,15.0,0.12375,0.10897915629804304,0.18178876382248238,3.0849039288722024,4.295547269772749
8.0,10,0,20.0,0.15125,0.11374441398956334,0.23071583101149185,3.266738410818574,4.965552730064087
8.0,10,0,30.0,0.40625,0.3969652985853251,0.8189921349890867,8.26634485071921,18.00933552042956
8.0,10,1,1.0,0.0225,0.005594092290440203,0.005578048291905433,0.06846453638537804,0.06740112750669144
8.0,10,1,2.0,0.01125,0.009477566193101637,0.00813957086976012,0.3000659273486853,0.23224227128095123
8.0,10,1,3.0,0.0225,0.013952348325991671,0.011777740759111945,0.47738263710643397,0.4182836193520262
8.0,10,1,5.0,0.065,0.07635741588602749,0.050691814560933614,2.0782177329332177,1.7671409117657733
8.0,10,1,7.5,0.05875,0.032168544108100466,0.1911909856348568,1.1771722751811553,4.643235434065169
8.0,10,1,10.0,0.06625,0.042795200966440156,0.26164612854322167,1.4598205602837035,5.445192735216376
8.0,10,1,15.0,0.19,0.17411814097205455,0.3087634713489573,4.562884449836424,7.070030120785321
8.0,10,1,20.0,0.38,0.377531533915509,0.7224895557023377,7.806044313091112,18.833936225218558
8.0,10,1,30.0,0.6575,0.7401670851641362,0.8797093527597737,14.365857486000081,52.54868691870678
8.0,10,2,1.0,0.01125,0.0009406461234110866,0.0009403119772837885,0.012385735342015916,0.012282823958120581
8.0,10,2,2.0,0.0075,0.0010706586519853155,0.00107772894674756,0.05167229818711423,0.05378059454629316
8.0,10,2,3.0,0.005,0.0011808739260556933,0.0011791116219707796,0.08300320220633718,0.0824373472944282
8.0,10,2,5.0,0.02375,0.0020987189610563585,0.002009348687809612,0.2991970270834814,0.2836983818922565
8.0,10,2,7.5,0.01,0.003285557136706349,0.003933012332610099,0.5099315811477989,0.6097914221309273
8.0,10,2,10.0,0.0125,0.005608351477659504,0.007776679119937944,0.8354425330785533,1.0693184120113794
8.0,10,2,15.0,0.06625,0.1410566748314082,0.02695080835458421,4.782120025779644,2.292599497861325
8.0,10,2,20.0,0.15125,0.22940959833641666,0.10815297354448304,7.478173313458099,4.96159262272293
8.0,10,2,30.0,0.25875,0.3786143817428445,0.3358862686117042,11.2963560675099,9.782371720027763
8.0,10,3,1.0,0.00875,0.0012466283115934703,0.0012465151832972343,0.002734644921064883,0.0027074285786927005
8.0,10,3,2.0,0.0075,0.0012733224148217728,0.0012731635054536853,0.00913102636800641,0.009093191628163674
8.0,10,3,3.0,0.00625,0.0013055798622503125,0.0013090898302322745,0.016769924539397046,0.01760704664950387
8.0,10,3,5.0,0.00375,0.0014990672920623253,0.001477897862905065,0.0607159314235792,0.05614336449047097
8.0,10,3,7.5,0.01,0.001811318122204298,0.001892656609780654,0.12780840767493865,0.1443381001253744
8.0,10,3,10.0,0.01125,0.002485287707836373,0.002202895427483884,0.2450310743828709,0.19734569351954692
8.0,10,3,15.0,0.01,0.0033862801506749753,0.0033084684366919124,0.36461075982356145,0.3667985208756372
8.0,10,3,20.0,0.02375,0.006839627845470405,0.00590891277953641,0.8481590397482437,0.6969485079440715
8.0,10,3,30.0,0.05375,0.032993335200034744,0.023456607182224407,2.5947645098443504,1.8659656836201737
8.0,10,4,1.0,0.0,0.0013143178964777672,0.001313624102550121,0.014581277347888513,0.014430060939829419
8.0,10,4,2.0,0.0025,0.0015608261169831016,0.0015308083480860385,0.06925834969829978,0.06320263983716032
8.0,10,4,3.0,0.005,0.0018598866292335583,0.0019184307314159415,0.1313213209719914,0.14445131586756155
8.0,10,4,5.0,0.01625,0.0024552772219856725,0.0029602800956534535,0.2397062704844785,0.3071515752226982
8.0,10,4,7.5,0.01125,0.004277302450520632,0.008255328912421114,0.4970966223616563,0.8948679949528302
8.0,10,4,10.0,0.02875,0.015257562739820436,0.028207310706215738,1.404282461384306,2.2162313386901844
8.0,10,4,15.0,0.03125,0.01661318266017449,0.11163019514734927,1.490442229331654,4.541384530979995
8.0,10,4,20.0,0.05625,0.039491912680601864,0.20960757832800853,2.6725496176932717,6.816817970266555
8.0,10,4,30.0,0.23125,0.3688169353647137,0.5095376130000503,10.010118152994703,14.832468632385734
8.0,20,0,1.0,0.025,0.006881821055324104,0.006879794096347992,0.02309050402657304,0.0229656388491819
8.0,20,0,2.0,0.0225,0.008081815993189119,0.00811767811314676,0.09249777421647337,0.09443188207499928
8.0,20,0,3.0,0.01875,0.01007854547310251,0.009964298259593026,0.19778991600954535,0.19241035421843028
8.0,20,0,5.0,0.0225,0.01892829295179535,0.01747435879058408,0.5930195911975978,0.5381880208970781
8.0,20,0,7.5,0.0825,0.06611429903832683,0.04747978244697808,1.7746453302157577,1.486767807000248
8.0,20,0,10.0,0.2025,0.24974353935589852,0.10337109346026505,5.197880268068548,2.639521024753195
8.0,20,0,15.0,0.3175,0.32464200333395865,0.33308942906631234,7.120802820792308,6.3528252327311385
8.0,20,0,20.0,0.285,0.2853735304805878,0.39712111205614564,5.788773985436047,7.949935766879372
8.0,20,0,30.0,0.66125,0.6746440560600842,0.9320478146751678,12.523982446103028,25.472093535648902
8.0,20,1,1.0,0.02125,0.006435247000336208,0.0064246836239362885,0.11367162087535843,0.11308421436606708
8.0,20,1,2.0,0.0125,0.012950057648914721,0.011338818318420922,0.4832343584770753,0.40974733631897414
8.0,20,1,3.0,0.03375,0.022253161634073856,0.02001562795656972,0.8538657631365089,0.8137026548778926
8.0,20,1,5.0,0.09,0.12910000351410594,0.09216595378543832,3.387074809539901,2.831245418516252
8.0,20,1,7.5,0.15,0.17810526263616433,0.33547008690296165,4.299975296716726,7.0313491694190535
8.0,20,1,10.0,0.13125,0.14001240015462085,0.48454572089014963,3.844509383821592,9.806679145580835
8.0,20,1,15.0,0.38,0.38503560802569603,0.7709928889196265,7.852866360088513,16.63423863403376
8.0,20,1,20.0,0.74625,0.7662366810632468,0.9870377196192103,14.882779035181095,36.671471422912916
8.0,20,1,30.0,0.96625,0.9863286805576639,0.9999911785386529,31.657601646778474,93.83956817929746
8.0,20,2,1.0,0.00125,0.002770389124484684,0.0027712244025168767,0.03334739955666505,0.03345369917298937
8.0,20,2,2.0,0.01,0.0038005750351970914,0.0037832730600320667,0.15620354905800904,0.1546208002494315
8.0,20,2,3.0,0.0075,0.004559478051577173,0.0045404645236984415,0.2335772146145283,0.23213696249456012
8.0,20,2,5.0,0.025,0.011581325483697755,0.012106760159162594,0.7884585640847277,0.8131370035922822
8.0,20,2,7.5,0.055,0.04760561600926107,0.034822836054906756,2.073293174236258,1.794909533046367
8.0,20,2,10.0,0.105,0.10840302150129486,0.08074400840869103,3.4667757034472286,3.041817608331992
8.0,20,2,15.0,0.3225,0.33928607920983683,0.2775197399071626,8.19254621579958,6.901815414584453
8.0,20,2,20.0,0.58375,0.6498845910822281,0.5782433142292784,14.901958275090404,14.2339286387881
8.0,20,2,30.0,0.78875,0.8504705711632762,0.8059166948849895,22.275820266707505,29.493257274886417
8.0,20,3,1.0,0.00625,0.004182401099214763,0.004163945988486052,0.07320847014265512,0.07146737299346925
8.0,20,3,2.0,0.0075,0.006869050026535645,0.006596962488231764,0.3009888095391381,0.2806141271207115
8.0,20,3,3.0,0.01875,0.008066799517460064,0.009095564761032213,0.3731698828241617,0.44411056118377146
8.0,20,3,5.0,0.04875,0.054184308305523295,0.03763724420733067,2.0163221348973552,1.7275719628776638
8.0,20,3,7.5,0.0875,0.11815084972588523,0.0665561219697858,3.336099736880461,2.541579065630801
8.0,20,3,10.0,0.13375,0.1420541997481966,0.18668949172123428,4.115096941617346,5.011388779342942
8.0,20,3,15.0,0.165,0.1680253447591618,0.48818968504520277,4.44009212394001,10.864971537337883
8.0,20,3,20.0,0.56625,0.5877504229024124,0.7414782947251304,12.093298946427886,22.11150402112211
8.0,20,3,30.0,0.8525,0.9230929408272404,0.9791894591793873,23.60870903448171,53.07969215835824
8.0,20,4,1.0,0.02125,0.007349854484108398,0.007345348890866926,0.026334472852721127,0.026089105011981154
8.0,20,4,2.0,0.01125,0.008718282689550338,0.008597699943926996,0.10090526291198024,0.09490803565122882
8.0,20,4,3.0,0.02125,0.012097866985613003,0.012297796664770103,0.26843593590417186,0.27917606718899485
8.0,20,4,5.0,0.04,0.017820278455010895,0.0196509429653171,0.4981343659557955,0.5586855826617079
8.0,20,4,7.5,0.0575,0.04631076549599927,0.05668249056572487,1.312503493066363,1.5898110888846593
8.0,20,4,10.0,0.17125,0.20133625824753226,0.17574117556131547,4.128267957279532,3.896166775380143
8.0,20,4,15.0,0.14125,0.1430195822380952,0.38242552986713874,3.409574469339022,7.263835087206662
8.0,20,4,20.0,0.28875,0.28152895876389855,0.5377184058388914,5.660364267664935,10.219049664421899
8.0,20,4,30.0,0.8475,0.8917352578568605,0.9226115247050096,19.825536750381115,30.744873410150376
8.0,40,0,1.0,0.01125,0.005321524979468562,0.00528602521532873,0.07586188299144592,0.07312263008564795
8.0,40,0,2.0,0.015,0.007961546386412676,0.008038025935712064,0.2675658618836462,0.27265070549477294
8.0,40,0,3.0,0.0175,0.01658690469415225,0.014722370394293374,0.7385720912671532,0.6614684941254101
8.0,40,0,5.0,0.095,0.10114862637876176,0.045359330748453906,2.971166968195544,1.8264432725021336
8.0,40,0,7.5,0.11125,0.10547001831119315,0.11850920325440786,3.269510804265845,3.5736039380059843
8.0,40,0,10.0,0.50875,0.5266457521241174,0.30615116100222306,11.008809856327925,6.781628173412293
8.0,40,0,15.0,0.57625,0.5665754458500385,0.7371937918342462,12.635445768662313,15.382211320022012
8.0,40,0,20.0,0.61875,0.6286464237768417,0.963977696942957,13.120532326376031,30.47976130422356
8.0,40,0,30.0,0.94875,0.9648857186770388,0.9999384254035482,29.503708564371838,57.57230119243038
8.0,40,1,1.0,0.005,0.001897623091542136,0.001893570194931084,0.13062072773541955,0.13000398583314413
8.0,40,1,2.0,0.0075,0.004894588636788208,0.004194745376959505,0.5772874676661391,0.5023021542461817
8.0,40,1,3.0,0.00625,0.010587283273744592,0.009284792840846094,1.1092002604710718,1.0611264549230703
8.0,40,1,5.0,0.05875,0.08692671640955296,0.05779527092148102,4.039719148328466,3.454327542183771
8.0,40,1,7.5,0.1125,0.15017024684442568,0.27369062602918337,5.331258604374983,8.272327508781409
8.0,40,1,10.0,0.16875,0.18164033651992068,0.4935539527672729,6.273247637079971,12.433862893583735
8.0,40,1,15.0,0.52875,0.5514913304136478,0.8901373321859484,13.414544474688359,24.640345640586222
8.0,40,1,20.0,0.81,0.8546539808667815,0.99788031165428,21.210671555518033,46.8530030894429
8.0,40,1,30.0,0.99625,0.9982623635230853,0.9999999741986959,52.82555519373037,110.73495802867487
8.0,40,2,1.0,0.01875,0.01091754619236123,0.010910353219779385,0.09085388391142875,0.09053912419536952
8.0,40,2,2.0,0.02625,0.018135962031999162,0.017470699745406392,0.3841990365077226,0.3596564617456749
8.0,40,2,3.0,0.04,0.0360799297131738,0.0336226663509579,0.9519835649112565,0.8962643968111644
8.0,40,2,5.0,0.11125,0.10360719956980607,0.09773911254987255,2.402858524788404,2.370976105735535
8.0,40,2,7.5,0.28875,0.2678903990227917,0.29366900718738254,5.082074260932824,5.45854223975935
8.0,40,2,10.0,0.425,0.40917689913747934,0.5734120688931564,7.299116883711485,9.615079157855014
8.0,40,2,15.0,0.7875,0.7977614503798258,0.9558048304330876,17.685450457883967,22.353966793385762
8.0,40,2,20.0,0.95375,0.976124594941149,0.9982695249124616,28.358396047904204,36.93092388949261
8.0,40,2,30.0,0.9975,0.9997156885079541,0.9999999986718922,47.16374714357986,88.09227495247524
8.0,40,3,1.0,0.0175,0.008092299739361868,0.008062704392370806,0.10507538782889743,0.10340079528188764
8.0,40,3,2.0,0.02875,0.014532548407744744,0.014107846507564123,0.4315075387707018,0.4135212112130319
8.0,40,3,3.0,0.03125,0.020899853926427833,0.02214293494000994,0.6985821382334544,0.7395600408934719
8.0,40,3,5.0,0.11625,0.10994884586636622,0.09031438801660913,2.809730988713825,2.5586576085859907
8.0,40,3,7.5,0.25125,0.25141554913006436,0.18343962185822027,5.327524964383526,4.263102076571605
8.0,40,3,10.0,0.32125,0.32631442540707645,0.4406633468062236,6.47777807220221,8.293909817781346
8.0,40,3,15.0,0.42625,0.4483669225641465,0.8467076946662705,8.693790369876059,18.468748751063643
8.0,40,3,20.0,0.8925,0.8949319096457429,0.9777856293395375,22.662740002994752,35.67571800854454
8.0,40,3,30.0,0.99375,0.9972145886906586,0.9999929055200408,39.60490430570618,82.87616960793915
8.0,40,4,1.0,0.0175,0.006106716756602321,0.006101581349220968,0.049077184244256146,0.04873441784446484
8.0,40,4,2.0,0.02125,0.008360053401421296,0.008218919729558008,0.19373333928429362,0.18556192089118362
8.0,40,4,3.0,0.01375,0.013402045321171495,0.013316095475754804,0.47323090323289224,0.46864080819601467
8.0,40,4,5.0,0.02875,0.029220037559655666,0.030036644390004894,1.136755634951371,1.1629920677157788
8.0,40,4,7.5,0.08875,0.09271144177543132,0.09239775211358969,2.8066909156663815,2.8091528215241786
8.0,40,4,10.0,0.2125,0.2554656482927244,0.25170629803022115,5.53634795784835,5.623012413609986
8.0,40,4,15.0,0.44125,0.4390081306953683,0.618617887021613,8.756287273956438,11.618038175408824
8.0,40,4,20.0,0.7525,0.7385484981300705,0.8838046840134245,16.551734724443925,18.959726653369184
8.0,40,4,30.0,0.97,0.9833586316859574,0.9997279447517149,29.714005459984556,48.965552590795674
