,Random Forest,XGBoost,Ensemble (Stacking)
RSS_dBm,0.00770132,0.06578812,0.01184927
SNR_dB,0.01095386,0.54421413,0.06401191
Transmission_Power_dBm,0.04238843,0.41153079,0.06949306
X_Coordinate_km,0.02786922,0.20362350,0.02289853
Y_Coordinate_km,0.01360619,0.20443437,0.02208704
Channel_Occupancy_Time_s,0.15571849,0.96932143,0.08475678
Frequency_Hz,0.03136792,0.82798916,0.07629969
RSS_Deviation,0.00748730,0.02780643,0.01588420
SNR_Deviation,0.00805574,0.05445796,0.01552839
Distance_Mismatch_km,0.24670019,2.41531491,0.15588540
SINR_dB,0.02716812,0.73096639,0.09992423
